[
 {
  "_id": 1,
  "alias": "Africa",
  "apellidos": "AROCAS PASADAS",
  "nombre": "ESTEFANIA",
  "direccion": "PADRÓ , 109",
  "poblacion": "Zaragoza",
  "telefono": "938205580",
  "movil": "546212121",
  "email": "africa@altecom.es",
  "sexo": "Mujer",
  "fechanacimiento": new Date("1964-3-20T00:00:00.00Z"),
  "estadocivil": "Otros",
  "hijos": 1,
  "desempleado": false,
  "profesion": "Administrativo-a",
  "nivelacademico": "Bachillerato",
  "lengua": "catalán",
  "ingresos": 1500,
  "peso": 73,
  "altura": 1.62,
  "cabello": "Castaño",
  "ojos": "Marrones",
  "fumador": true,
  "salud": "Buena",
  "aficion": ["Cine", "TV"],
  "caracteristica": ["Sencillez", "Ternura"],
  "valora": ["Buen Humor", "Realismo"],
  "Sexualidad": "Bisexual",
  "Disponible": false
 },
 {
  "_id": 2,
  "alias": "Agata",
  "apellidos": "VISO GILABERT",
  "nombre": "QUERALT",
  "direccion": "CASA CORDELLAS , ",
  "poblacion": "Barcelona",
  "telefono": "936545115",
  "movil": "625215452",
  "email": "agata@hotmail.com",
  "sexo": "Mujer",
  "fechanacimiento": new Date("1965-12-13T00:00:00.00Z"),
  "estadocivil": "Otros",
  "hijos": 0,
  "desempleado": true,
  "profesion": "Delineante",
  "nivelacademico": "EGB",
  "lengua": "castellano",
  "ingresos": 1100,
  "ahorros": 113000,
  "peso": 98,
  "altura": 1.55,
  "cabello": "Negro",
  "ojos": "Marrones",
  "fumador": false,
  "salud": "Regular",
  "aficion": ["Caminar", "Música"],
  "caracteristica": ["Sencillez", "Sinceridad"],
  "valora": ["Serenidad", "Buen Humor"],
  "Sexualidad": "Heterosexual",
  "Disponible": true
 },
 {
  "_id": 3,
  "alias": "Aguador",
  "apellidos": "AYALA FERRERAS",
  "nombre": "JOAN",
  "direccion": "DOCTOR FLEMING , 11",
  "poblacion": "Zaragoza",
  "telefono": "938202768",
  "movil": "649212123",
  "sexo": "Hombre",
  "fechanacimiento": new Date("1969-7-20T00:00:00.00Z"),
  "estadocivil": "Otros",
  "hijos": 0,
  "desempleado": false,
  "profesion": "null",
  "nivelacademico": "Diplomado-a",
  "lengua": "castellano",
  "ingresos": 1500,
  "peso": 61,
  "altura": 1.6,
  "cabello": "Negro",
  "ojos": "Otro",
  "fumador": true,
  "salud": "Buena",
  "aficion": ["Música", "Cine"],
  "caracteristica": ["Sinceridad", "Realismo"],
  "valora": ["Buen Humor", "Ternura"],
  "Sexualidad": "No declarada",
  "Disponible": false
 },
 {
  "_id": 4,
  "alias": "Albatros",
  "apellidos": "BAEZ TEJADO",
  "nombre": "JOAN",
  "direccion": "BERTRAND I SERRA , 11, 3R.",
  "poblacion": "Zaragoza",
  "telefono": "938727844",
  "email": "albatros@wandoo.es",
  "sexo": "Hombre",
  "fechanacimiento": new Date("1965-7-23T00:00:00.00Z"),
  "estadocivil": "Separado-a",
  "hijos": 1,
  "desempleado": false,
  "profesion": "Contable",
  "nivelacademico": "Bachillerato",
  "lengua": "catalán",
  "ingresos": 1900,
  "peso": 70,
  "altura": 1.8,
  "cabello": "Otros",
  "ojos": "Marrones",
  "fumador": false,
  "salud": "Buena",
  "aficion": ["Caminar", "Música"],
  "caracteristica": ["Sinceridad", "Inteligencia"],
  "valora": ["Ternura", "Sinceridad"],
  "Sexualidad": "Homosexual",
  "Disponible": true
 },
 {
  "_id": 5,
  "alias": "Albert",
  "apellidos": "BASTARDES SOTO",
  "nombre": "MARC",
  "direccion": "CARRIÓ , 12, 5È A",
  "poblacion": "Tarragona",
  "telefono": "938350521",
  "email": "albert@intercom.es",
  "sexo": "Hombre",
  "fechanacimiento": new Date("1964-10-16T00:00:00.00Z"),
  "estadocivil": "Soltero-a",
  "hijos": 3,
  "desempleado": false,
  "profesion": "Dependiente-a",
  "nivelacademico": "Elementales",
  "lengua": "catalán",
  "ingresos": 1100,
  "peso": 91,
  "altura": 1.81,
  "cabello": "Negro",
  "ojos": "Azules",
  "fumador": false,
  "salud": "Regular",
  "aficion": ["Deporte", "Deporte"],
  "caracteristica": ["Ternura", "Fortaleza"],
  "valora": ["Ternura", "Romanticismo"],
  "Fobias": "La TV",
  "Sexualidad": "Heterosexual",
  "Disponible": false
 },
 {
  "_id": 6,
  "alias": "Alien",
  "apellidos": "ANGUERA VILAFRANCA",
  "nombre": "JOSEP",
  "direccion": "PIRINEUS , 10",
  "poblacion": "Valencia",
  "telefono": "938755645",
  "email": "alien@intercom.es",
  "sexo": "Hombre",
  "fechanacimiento": new Date("1958-11-16T00:00:00.00Z"),
  "estadocivil": "Casado-a",
  "hijos": 1,
  "desempleado": false,
  "profesion": "Estudiante",
  "nivelacademico": "FP",
  "lengua": "euskara",
  "ingresos": 500,
  "peso": 53,
  "altura": 1.57,
  "cabello": "Negro",
  "ojos": "Verdes",
  "fumador": false,
  "salud": "Regular",
  "aficion": ["Cine", "Deporte"],
  "caracteristica": ["Buen Humor", "Fortaleza"],
  "valora": ["Serenidad", "Ternura"],
  "Sexualidad": "Homosexual",
  "Disponible": true
 },
 {
  "_id": 7,
  "alias": "amores",
  "apellidos": "PASCUAL ALOY",
  "nombre": "ESTHER",
  "direccion": "JACINT VERDAGUER , 43",
  "poblacion": "Girona",
  "telefono": "936520547",
  "email": "amores@hotmail.com",
  "sexo": "Mujer",
  "fechanacimiento": new Date("1967-3-20T00:00:00.00Z"),
  "estadocivil": "Divorciado-a",
  "hijos": 0,
  "desempleado": false,
  "nivelacademico": "Diplomado-a",
  "lengua": "catalán",
  "ingresos": 2500,
  "peso": 60,
  "altura": 1.57,
  "cabello": "Calvo",
  "ojos": "Otro",
  "fumador": false,
  "salud": "Buena",
  "aficion": ["TV", "Cine"],
  "caracteristica": ["Inteligencia", "Sinceridad"],
  "valora": ["Romanticismo", "Sinceridad"],
  "Sexualidad": "Bisexual",
  "Disponible": false
 },
 {
  "_id": 8,
  "alias": "Anabel",
  "apellidos": "VALLÉS GIRVENT",
  "nombre": "LAURA",
  "direccion": "NOU , 9, 2N.",
  "poblacion": "Tarragona",
  "telefono": "936565656",
  "movil": "645121212",
  "email": "anabel@altecom.es",
  "sexo": "Mujer",
  "fechanacimiento": new Date("1966-9-17T00:00:00.00Z"),
  "estadocivil": "Casado-a",
  "hijos": 1,
  "desempleado": true,
  "profesion": "Conductor-a",
  "nivelacademico": "EGB",
  "lengua": "catalán",
  "ingresos": 0,
  "ahorros": 17500,
  "peso": 70,
  "altura": 1.72,
  "cabello": "Pelirrojo",
  "ojos": "Verdes",
  "fumador": true,
  "salud": "Regular",
  "aficion": ["Cine", "Música"],
  "caracteristica": ["Romanticismo", "Ternura"],
  "valora": ["Sencillez", "Realismo"],
  "Sexualidad": "Heterosexual",
  "Disponible": false
 },
 {
  "_id": 9,
  "alias": "Antiga",
  "apellidos": "RAYA GARCIA",
  "nombre": "RAQUEL",
  "direccion": "JACINT VERDAGUER , 52, 3R, 1A.",
  "poblacion": "Barcelona",
  "telefono": "936752156",
  "email": "antiga@minorisa.es",
  "sexo": "Mujer",
  "fechanacimiento": new Date("1967-10-10T00:00:00.00Z"),
  "estadocivil": "Casado-a",
  "hijos": 1,
  "desempleado": false,
  "profesion": "Oficial",
  "nivelacademico": "FP",
  "lengua": "catalán",
  "ingresos": 800,
  "peso": 65,
  "altura": 1.81,
  "cabello": "Rubio",
  "ojos": "Azules",
  "fumador": false,
  "salud": "Regular",
  "aficion": ["Deporte", "Música"],
  "caracteristica": ["Sinceridad", "Fortaleza"],
  "valora": ["Alegría", "Realismo"],
  "Fobias": "Los días lluviosos",
  "Sexualidad": "Bisexual",
  "Disponible": true
 },
 {
  "_id": 10,
  "alias": "ballador",
  "apellidos": "ANDREU CRUZ",
  "nombre": "JOAN",
  "direccion": "JOAN MIRÓ , 10",
  "poblacion": "Tarragona",
  "telefono": "938300025",
  "movil": "648221111",
  "email": "ballador@hotmail.com",
  "sexo": "Hombre",
  "fechanacimiento": new Date("1960-5-29T00:00:00.00Z"),
  "estadocivil": "Otros",
  "hijos": 1,
  "desempleado": true,
  "profesion": "Recepcionista",
  "nivelacademico": "EGB",
  "lengua": "catalán",
  "ingresos": 1200,
  "ahorros": 87800,
  "peso": 99,
  "altura": 1.62,
  "cabello": "Castaño",
  "ojos": "Otro",
  "fumador": true,
  "salud": "Buena",
  "aficion": ["Cine", "TV"],
  "caracteristica": ["Alegría", "Ternura"],
  "valora": ["Romanticismo", "Alegría"],
  "Sexualidad": "No declarada",
  "Disponible": true
 },
 {
  "_id": 11,
  "alias": "balladora",
  "apellidos": "BARALDÉS COMAS",
  "nombre": "MARIA ISABEL",
  "direccion": "JAUME GALOBART , 12",
  "poblacion": "Lleida",
  "telefono": "938385567",
  "movil": "658444412",
  "email": "balladora@altecom.es",
  "sexo": "Mujer",
  "fechanacimiento": new Date("1968-3-11T00:00:00.00Z"),
  "estadocivil": "Divorciado-a",
  "hijos": 0,
  "desempleado": true,
  "profesion": "Diseñador-a",
  "nivelacademico": "Elementales",
  "lengua": "catalán",
  "ingresos": 800,
  "ahorros": 71000,
  "peso": 87,
  "altura": 1.56,
  "cabello": "Otros",
  "ojos": "Otro",
  "fumador": false,
  "salud": "Buena",
  "aficion": ["Cine", "Música"],
  "caracteristica": ["Fortaleza", "Inteligencia"],
  "valora": ["Buen Humor", "Inteligencia"],
  "Sexualidad": "Homosexual",
  "Disponible": true
 },
 {
  "_id": 12,
  "alias": "Barbilla",
  "apellidos": "BERENGUERAS CULLERÉS",
  "nombre": "ADRIÀ",
  "direccion": "PINTOR SERT , 12, 1R., 1A.",
  "poblacion": "Valencia",
  "telefono": "937809812",
  "movil": "654899994",
  "email": "barbilla@hotmail.com",
  "sexo": "Hombre",
  "fechanacimiento": new Date("1964-9-23T00:00:00.00Z"),
  "estadocivil": "Soltero-a",
  "hijos": 0,
  "desempleado": true,
  "profesion": "Comercial",
  "nivelacademico": "Elementales",
  "lengua": "catalán",
  "ingresos": 300,
  "ahorros": 34300,
  "peso": 92,
  "altura": 1.6,
  "cabello": "Calvo",
  "ojos": "Marrones",
  "fumador": true,
  "salud": "Regular",
  "aficion": ["Música", "Lectura"],
  "caracteristica": ["Buen Humor", "Romanticismo"],
  "valora": ["Ternura", "Romanticismo"],
  "Sexualidad": "Heterosexual",
  "Disponible": true
 },
 {
  "_id": 13,
  "alias": "Besugo",
  "apellidos": "LÓPEZ DE PABLO GARCIA UCEDA",
  "nombre": "GERARD",
  "direccion": "BELLAVISTA , 30",
  "poblacion": "Zaragoza",
  "telefono": "936520741",
  "email": "besugo@minorisa.es",
  "sexo": "Hombre",
  "fechanacimiento": new Date("1966-1-13T00:00:00.00Z"),
  "estadocivil": "Divorciado-a",
  "hijos": 0,
  "desempleado": false,
  "profesion": "Comercial",
  "nivelacademico": "EGB",
  "lengua": "catalán",
  "ingresos": 400,
  "peso": 66,
  "altura": 1.87,
  "cabello": "Negro",
  "ojos": "Otro",
  "fumador": false,
  "salud": "Buena",
  "aficion": ["Caminar", "Deporte"],
  "caracteristica": ["Ternura", "Realismo"],
  "valora": ["Romanticismo", "Sencillez"],
  "Fobias": "La gente gorda",
  "Sexualidad": "Bisexual",
  "Disponible": true
 },
 {
  "_id": 14,
  "alias": "Bogart",
  "apellidos": "ARNAU MORENO",
  "nombre": "ELIOT",
  "direccion": "MONTURIOL , 10, 1R.",
  "poblacion": "Girona",
  "telefono": "938202456",
  "email": "bogart@terra.es",
  "sexo": "Hombre",
  "fechanacimiento": new Date("1957-9-2T00:00:00.00Z"),
  "estadocivil": "Soltero-a",
  "hijos": 2,
  "desempleado": false,
  "profesion": "Asesor-a fiscal",
  "nivelacademico": "Elementales",
  "lengua": "castellano",
  "ingresos": 3100,
  "peso": 53,
  "altura": 1.82,
  "cabello": "Negro",
  "ojos": "Negros",
  "fumador": false,
  "salud": "Buena",
  "aficion": ["Lectura", "Cine"],
  "caracteristica": ["Ternura", "Serenidad"],
  "valora": ["Sinceridad", "Buen Humor"],
  "Sexualidad": "Homosexual",
  "Disponible": true
 },
 {
  "_id": 15,
  "alias": "Bond",
  "apellidos": "RAYA GAVILAN",
  "nombre": "JORDI",
  "direccion": "JACINT VERDAGUER , 52, 2N., 4A.",
  "poblacion": "Lleida",
  "telefono": "938754554",
  "email": "bond@terra.es",
  "sexo": "Hombre",
  "fechanacimiento": new Date("1969-7-18T00:00:00.00Z"),
  "estadocivil": "Casado-a",
  "hijos": 1,
  "desempleado": false,
  "profesion": "Arquitecto-a",
  "nivelacademico": "Licenciado-a",
  "lengua": "gallego",
  "ingresos": 1000,
  "peso": 101,
  "altura": 1.6,
  "cabello": "Castaño",
  "ojos": "Otro",
  "fumador": false,
  "salud": "Regular",
  "aficion": ["TV", "Cine"],
  "caracteristica": ["Sinceridad", "Romanticismo"],
  "valora": ["Alegría", "Buen Humor"],
  "Sexualidad": "Bisexual",
  "Disponible": false
 },
 {
  "_id": 16,
  "alias": "Borreguero",
  "apellidos": "ZAMBUDIO FIGULS",
  "nombre": "LLUÍS",
  "direccion": "CASA NOVA , ",
  "poblacion": "Lleida",
  "telefono": "936875544",
  "movil": "625411320",
  "sexo": "Hombre",
  "fechanacimiento": new Date("1969-1-30T00:00:00.00Z"),
  "estadocivil": "Soltero-a",
  "hijos": 1,
  "desempleado": true,
  "nivelacademico": "EGB",
  "lengua": "catalán",
  "ingresos": 1100,
  "ahorros": 113600,
  "peso": 104,
  "altura": 1.67,
  "cabello": "Rubio",
  "ojos": "Verdes",
  "fumador": false,
  "salud": "Regular",
  "aficion": ["Cine", "Música"],
  "caracteristica": ["Inteligencia", "Sencillez"],
  "valora": ["Inteligencia", "Sinceridad"],
  "Sexualidad": "No declarada",
  "Disponible": true
 },
 {
  "_id": 17,
  "alias": "Cabeza larga",
  "apellidos": "BIDAULT CULLERÉS",
  "nombre": "LAURA",
  "direccion": "DE LA CAÇA , 12, 1R., C",
  "poblacion": "Valencia",
  "telefono": "935880712",
  "movil": "690522200",
  "email": "cabeza larga@cataloniamail.com",
  "sexo": "Mujer",
  "fechanacimiento": new Date("1967-4-2T00:00:00.00Z"),
  "estadocivil": "Casado-a",
  "desempleado": true,
  "profesion": "Contable",
  "nivelacademico": "Licenciado-a",
  "lengua": "castellano",
  "ingresos": 500,
  "ahorros": 10900,
  "peso": 74,
  "altura": 1.87,
  "cabello": "Pelirrojo",
  "ojos": "Negros",
  "fumador": true,
  "salud": "Buena",
  "aficion": ["Lectura", "TV"],
  "caracteristica": ["Buen Humor", "Sencillez"],
  "valora": ["Sinceridad", "Inteligencia"],
  "Sexualidad": "Bisexual",
  "Disponible": true
 },
 {
  "_id": 18,
  "alias": "Caga-novias",
  "apellidos": "BIOSCA FONTANET",
  "nombre": "JORDI",
  "direccion": "PINTOR SERT , 12, 2N., 1A.",
  "poblacion": "Zaragoza",
  "telefono": "936875255",
  "movil": "647821111",
  "sexo": "Hombre",
  "fechanacimiento": new Date("1958-9-3T00:00:00.00Z"),
  "estadocivil": "Otros",
  "hijos": 3,
  "desempleado": false,
  "profesion": "Camarero-a",
  "nivelacademico": "EGB",
  "lengua": "catalán",
  "ingresos": 600,
  "peso": 107,
  "altura": 1.75,
  "cabello": "Calvo",
  "ojos": "Azules",
  "fumador": false,
  "salud": "Buena",
  "aficion": ["Cine", "TV"],
  "caracteristica": ["Sencillez", "Ternura"],
  "valora": ["Buen Humor", "Realismo"],
  "Sexualidad": "Homosexual",
  "Disponible": true
 },
 {
  "_id": 19,
  "alias": "Calandria",
  "apellidos": "ZAFRA FIGULS",
  "nombre": "DOUNYA",
  "direccion": "CASA SARA , ",
  "poblacion": "Tarragona",
  "telefono": "936542775",
  "sexo": "Mujer",
  "fechanacimiento": new Date("1966-5-31T00:00:00.00Z"),
  "estadocivil": "Separado-a",
  "hijos": 1,
  "desempleado": true,
  "nivelacademico": "EGB",
  "lengua": "castellano",
  "ingresos": 400,
  "ahorros": 91400,
  "peso": 107,
  "altura": 1.73,
  "cabello": "Otros",
  "ojos": "Marrones",
  "fumador": true,
  "salud": "Regular",
  "aficion": ["Música", "Caminar"],
  "caracteristica": ["Fortaleza", " Romanticismo"],
  "valora": ["Alegría", "Serenidad"],
  "Fobias": "La gente prepotente",
  "Sexualidad": "No declarada",
  "Disponible": true
 },
 {
  "_id": 20,
  "alias": "Cangur",
  "apellidos": "ALEU ICART",
  "nombre": "JULIO",
  "direccion": "ARTÈS , 1, 1R, 1A.",
  "poblacion": "Barcelona",
  "telefono": "938773545",
  "email": "cangur@intercom.es",
  "sexo": "Hombre",
  "fechanacimiento": new Date("1967-9-21T00:00:00.00Z"),
  "estadocivil": "Otros",
  "hijos": 0,
  "desempleado": true,
  "profesion": "Recepcionista",
  "nivelacademico": "Elementales",
  "lengua": "catalán",
  "ingresos": 1100,
  "ahorros": 102800,
  "peso": 79,
  "altura": 1.86,
  "cabello": "Castaño",
  "ojos": "Azules",
  "fumador": false,
  "salud": "Excelente",
  "aficion": ["Música", "Lectura"],
  "caracteristica": ["Fortaleza", "Ternura"],
  "valora": ["Sinceridad", "Sencillez"],
  "Sexualidad": "No declarada",
  "Disponible": false
 },
 {
  "_id": 21,
  "alias": "Cantinflas",
  "apellidos": "BADIA TORNÉ",
  "nombre": "ANDREU",
  "direccion": "GENERAL PRIM , 11, 2N.",
  "poblacion": "Valencia",
  "telefono": "938200022",
  "sexo": "Hombre",
  "fechanacimiento": new Date("1963-2-23T00:00:00.00Z"),
  "estadocivil": "Separado-a",
  "hijos": 1,
  "desempleado": false,
  "profesion": "Recepcionista",
  "nivelacademico": "Diplomado-a",
  "lengua": "euskara",
  "ingresos": 1000,
  "peso": 106,
  "altura": 1.79,
  "cabello": "Rubio",
  "ojos": "Verdes",
  "fumador": false,
  "salud": "Regular",
  "aficion": ["Lectura", "Caminar"],
  "caracteristica": ["Sinceridad", "Romanticismo"],
  "valora": ["Romanticismo", "Sencillez"],
  "Sexualidad": "Heterosexual",
  "Disponible": true
 },
 {
  "_id": 22,
  "alias": "Canto",
  "apellidos": "MORALES GESE",
  "nombre": "RAMON",
  "direccion": "CAU DE LA GUINEU , 4",
  "poblacion": "Tarragona",
  "telefono": "936512545",
  "sexo": "Hombre",
  "fechanacimiento": new Date("1958-1-26T00:00:00.00Z"),
  "estadocivil": "Casado-a",
  "desempleado": false,
  "profesion": "Abogado-a",
  "nivelacademico": "EGB",
  "lengua": "catalán",
  "ingresos": 1100,
  "peso": 70,
  "altura": 1.81,
  "cabello": "Calvo",
  "ojos": "Verdes",
  "fumador": false,
  "salud": "Buena",
  "aficion": ["Lectura", "Deporte"],
  "caracteristica": ["Inteligencia", "Buen Humor"],
  "valora": ["Alegría", "Sinceridad"],
  "Sexualidad": "Heterosexual",
  "Disponible": true
 },
 {
  "_id": 23,
  "alias": "Caparranas",
  "apellidos": "BLANCO FONTANET",
  "nombre": "DAVID-JESE",
  "direccion": "JOAN SANMARTÍ , 12, 2N., 2A.",
  "poblacion": "Lleida",
  "telefono": "937785655",
  "movil": "632548744",
  "email": "caparranas@altecom.es",
  "sexo": "Hombre",
  "fechanacimiento": new Date("1960-9-23T00:00:00.00Z"),
  "estadocivil": "Otros",
  "hijos": 1,
  "desempleado": false,
  "profesion": "null",
  "nivelacademico": "Elementales",
  "lengua": "castellano",
  "ingresos": 500,
  "peso": 61,
  "altura": 1.57,
  "cabello": "Negro",
  "ojos": "Azules",
  "fumador": false,
  "salud": "Buena",
  "aficion": ["Deporte", "Lectura"],
  "caracteristica": ["Fortaleza", "Romanticismo"],
  "valora": ["Fortaleza", "Buen Humor"],
  "Sexualidad": "Bisexual",
  "Disponible": true
 },
 {
  "_id": 24,
  "alias": "Cara corta",
  "apellidos": "ALVAREZ FERNÁNDEZ",
  "nombre": "ARAN",
  "direccion": "PROL. PADRÓ , 1, 3R. 1A.",
  "poblacion": "Madrid",
  "telefono": "938300385",
  "movil": "632986321",
  "sexo": "Hombre",
  "fechanacimiento": new Date("1964-9-27T00:00:00.00Z"),
  "estadocivil": "Soltero-a",
  "hijos": 2,
  "desempleado": false,
  "profesion": "Taxista",
  "nivelacademico": "Elementales",
  "lengua": "castellano",
  "ingresos": 1400,
  "peso": 85,
  "altura": 1.64,
  "cabello": "Castaño",
  "ojos": "Marrones",
  "fumador": true,
  "salud": "Buena",
  "aficion": ["Deporte", "Cine"],
  "caracteristica": ["Fortaleza", "Ternura"],
  "valora": ["Serenidad", "Ternura"],
  "Sexualidad": "Homosexual",
  "Disponible": true
 },
 {
  "_id": 25,
  "alias": "cariñosa",
  "apellidos": "GARCIA ALMOGUERA",
  "nombre": "GEMMA",
  "direccion": "SALLENT , 22, 2N.",
  "poblacion": "Barcelona",
  "telefono": "936520471",
  "movil": "647111021",
  "sexo": "Mujer",
  "fechanacimiento": new Date("1962-3-22T00:00:00.00Z"),
  "estadocivil": "Soltero-a",
  "desempleado": false,
  "nivelacademico": "Bachillerato",
  "lengua": "catalán",
  "ingresos": 1300,
  "peso": 75,
  "altura": 1.69,
  "cabello": "Pelirrojo",
  "ojos": "Azules",
  "fumador": false,
  "salud": "Regular",
  "aficion": ["TV", "TV"],
  "caracteristica": ["Realismo", "Fortaleza"],
  "valora": ["Sinceridad", "Sencillez"],
  "Fobias": "Los políticos",
  "Sexualidad": "Bisexual",
  "Disponible": false
 },
 {
  "_id": 26,
  "alias": "Carretero",
  "apellidos": "LIBORI FIGUERAS",
  "nombre": "IVAN",
  "direccion": "JOAN MIRÓ , 3",
  "poblacion": "Girona",
  "telefono": "936012445",
  "movil": "625481111",
  "email": "carretero@intercom.es",
  "sexo": "Hombre",
  "fechanacimiento": new Date("1965-7-23T00:00:00.00Z"),
  "estadocivil": "Divorciado-a",
  "hijos": 0,
  "desempleado": false,
  "profesion": "null",
  "nivelacademico": "EGB",
  "lengua": "castellano",
  "ingresos": 300,
  "peso": 88,
  "altura": 1.56,
  "cabello": "Otros",
  "ojos": "Otro",
  "fumador": true,
  "salud": "Buena",
  "aficion": ["Caminar", "Cine"],
  "caracteristica": ["Ternura", "Sinceridad"],
  "valora": ["Buen Humor", "Ternura"],
  "Sexualidad": "No declarada",
  "Disponible": true
 },
 {
  "_id": 27,
  "alias": "Cela",
  "apellidos": "BIDAULT PUEYO",
  "nombre": "DAVID",
  "direccion": "LLUÍS CASTELLS , 12, 2N.",
  "poblacion": "Barcelona",
  "telefono": "934500611",
  "email": "cela@altecom.es",
  "sexo": "Hombre",
  "fechanacimiento": new Date("1969-5-13T00:00:00.00Z"),
  "estadocivil": "Divorciado-a",
  "desempleado": true,
  "profesion": "Oficial",
  "nivelacademico": "EGB",
  "lengua": "francés",
  "ingresos": 500,
  "ahorros": 120300,
  "peso": 102,
  "altura": 1.57,
  "cabello": "Rubio",
  "ojos": "Otro",
  "fumador": false,
  "salud": "Regular",
  "aficion": ["Caminar", "Deporte"],
  "caracteristica": ["Realismo", "Ternura"],
  "valora": ["Alegría", "Fortaleza"],
  "Sexualidad": "Bisexual",
  "Disponible": true
 },
 {
  "_id": 28,
  "alias": "Coco",
  "apellidos": "BENITEZ JOSE",
  "nombre": "XAVIER",
  "direccion": "SANT VALENTÍ , 12, 1R.",
  "poblacion": "Girona",
  "telefono": "937885544",
  "email": "coco@hotmail.com",
  "sexo": "Hombre",
  "fechanacimiento": new Date("1966-5-17T00:00:00.00Z"),
  "estadocivil": "Divorciado-a",
  "hijos": 2,
  "desempleado": false,
  "profesion": "Asesor-a fiscal",
  "nivelacademico": "Elementales",
  "lengua": "catalán",
  "ingresos": 1100,
  "peso": 69,
  "altura": 1.73,
  "cabello": "Rubio",
  "ojos": "Azules",
  "fumador": true,
  "salud": "Regular",
  "aficion": ["Deporte"],
  "caracteristica": ["Alegría", "Sinceridad"],
  "valora": ["Sinceridad", "Ternura"],
  "Fobias": "Viajar en avión",
  "Sexualidad": "Heterosexual",
  "Disponible": false
 },
 {
  "_id": 29,
  "alias": "Conejo",
  "apellidos": "PASCUAL FLORES",
  "nombre": "MARIO",
  "direccion": "ÀNGEL GUIMERÀ , 43, 2N",
  "poblacion": "Girona",
  "telefono": "936512105",
  "email": "conejo@minorisa.es",
  "sexo": "Hombre",
  "fechanacimiento": new Date("1959-8-2T00:00:00.00Z"),
  "estadocivil": "Separado-a",
  "hijos": 1,
  "desempleado": false,
  "nivelacademico": "Elementales",
  "lengua": "castellano",
  "ingresos": 900,
  "peso": 73,
  "altura": 1.75,
  "cabello": "Castaño",
  "ojos": "Verdes",
  "fumador": false,
  "salud": "Fatal",
  "aficion": ["Música", "Deporte"],
  "caracteristica": ["Realismo", "Alegría"],
  "valora": ["Realismo", "Sinceridad"],
  "Sexualidad": "Heterosexual",
  "Disponible": true
 },
 {
  "_id": 30,
  "alias": "Corcel",
  "apellidos": "AYALA TORNÉ",
  "nombre": "JESUS",
  "direccion": "JAUME GALOBART , 11",
  "poblacion": "Girona",
  "telefono": "938202200",
  "email": "corcel@altecom.es",
  "sexo": "Hombre",
  "fechanacimiento": new Date("1959-1-4T00:00:00.00Z"),
  "estadocivil": "Separado-a",
  "hijos": 1,
  "desempleado": false,
  "profesion": "Dependiente-a",
  "nivelacademico": "FP",
  "lengua": "catalán",
  "ingresos": 0,
  "peso": 71,
  "altura": 1.82,
  "cabello": "Negro",
  "ojos": "Marrones",
  "fumador": false,
  "salud": "Regular",
  "aficion": ["TV", "Caminar"],
  "caracteristica": ["Alegría", "Sinceridad"],
  "valora": ["Ternura", " Sinceridad"],
  "Sexualidad": "Homosexual",
  "Disponible": true
 },
 {
  "_id": 31,
  "alias": "Cuca",
  "apellidos": "LISTAN FIGUERAS",
  "nombre": "GEMMA",
  "direccion": "AVINGUDA TRES , 3, 1R., 1A.",
  "poblacion": "Madrid",
  "telefono": "939965585",
  "sexo": "Mujer",
  "fechanacimiento": new Date("1968-11-29T00:00:00.00Z"),
  "estadocivil": "Divorciado-a",
  "hijos": 0,
  "desempleado": false,
  "profesion": "Arquitecto-a",
  "nivelacademico": "FP",
  "lengua": "catalán",
  "ingresos": 800,
  "peso": 77,
  "altura": 1.81,
  "cabello": "Negro",
  "ojos": "Negros",
  "fumador": false,
  "salud": "Buena",
  "aficion": ["TV", "Cine"],
  "caracteristica": ["Realismo", "Serenidad"],
  "valora": ["Sinceridad", "Inteligencia"],
  "Sexualidad": "Homosexual",
  "Disponible": true
 },
 {
  "_id": 32,
  "alias": "Curie",
  "apellidos": "RASERO GAVILAN",
  "nombre": "SILVIA",
  "direccion": "JACINT VERDAGUER , 52, 2N., 1A.",
  "poblacion": "Barcelona",
  "telefono": "936541235",
  "movil": "648555214",
  "email": "curie@minorisa.es",
  "sexo": "Mujer",
  "fechanacimiento": new Date("1964-6-14T00:00:00.00Z"),
  "estadocivil": "Soltero-a",
  "hijos": 1,
  "desempleado": false,
  "nivelacademico": "Elementales",
  "lengua": "catalán",
  "ingresos": 0,
  "peso": 104,
  "altura": 1.62,
  "cabello": "Negro",
  "ojos": "Marrones",
  "fumador": false,
  "salud": "Buena",
  "aficion": ["Deporte", "Cine"],
  "caracteristica":[ "Inteligencia", "Ternura"],
  "valora": ["Inteligencia", "Fortaleza"],
  "Fobias": "Los huevos fritos",
  "Sexualidad": "No declarada",
  "Disponible": true
 },
 {
  "_id": 33,
  "alias": "Dalí",
  "apellidos": "ARNALOT PUIG",
  "nombre": "ALBERT",
  "direccion": "DIPUTACIÓ , 10",
  "poblacion": "Lleida",
  "telefono": "938204054",
  "movil": "621114452",
  "email": "dalí@wandoo.es",
  "sexo": "Hombre",
  "fechanacimiento": new Date("1969-6-20T00:00:00.00Z"),
  "estadocivil": "Soltero-a",
  "desempleado": false,
  "profesion": "Profesor-a",
  "nivelacademico": "Doctor-a",
  "lengua": "catalán",
  "ingresos": 1200,
  "peso": 59,
  "altura": 1.71,
  "cabello": "Pelirrojo",
  "ojos": "Verdes",
  "fumador": true,
  "salud": "Buena",
  "aficion": ["Lectura", "Cine"],
  "caracteristica": ["Sencillez", "Ternura"],
  "valora": ["Sinceridad", "Buen Humor"],
  "Sexualidad": "Bisexual",
  "Disponible": false
 },
 {
  "_id": 34,
  "alias": "Diamant",
  "apellidos": "MOLINER GARRIDO",
  "nombre": "MARIA",
  "direccion": "VIC , 39, 1R., 2A.",
  "poblacion": "Tarragona",
  "telefono": "936584541",
  "sexo": "Mujer",
  "fechanacimiento": new Date("1966-11-21T00:00:00.00Z"),
  "estadocivil": "Casado-a",
  "hijos": 1,
  "desempleado": true,
  "profesion": "Camarero-a",
  "nivelacademico": "EGB",
  "lengua": "catalán",
  "ingresos": 2400,
  "ahorros": 15100,
  "peso": 106,
  "altura": 1.73,
  "cabello": "Pelirrojo",
  "ojos": "Azules",
  "fumador": false,
  "salud": "Buena",
  "aficion": ["Deporte", "Caminar"],
  "caracteristica": ["Ternura", "Buen Humor"],
  "valora": ["Fortaleza", "Sinceridad"],
  "Fobias": "Barcelona",
  "Sexualidad": "Heterosexual",
  "Disponible": false
 },
 {
  "_id": 35,
  "alias": "Dolça",
  "apellidos": "GALOBART GARCIA",
  "nombre": "BERTA",
  "direccion": "GERMAN DURAN , 21",
  "poblacion": "Zaragoza",
  "telefono": "934111475",
  "email": "dolça@cidet.com",
  "sexo": "Mujer",
  "fechanacimiento": new Date("1959-5-17T00:00:00.00Z"),
  "estadocivil": "Separado-a",
  "desempleado": false,
  "profesion": "Contable",
  "nivelacademico": "FP",
  "lengua": "castellano",
  "ingresos": 1200,
  "peso": 58,
  "altura": 1.71,
  "cabello": "Pelirrojo",
  "ojos": "Negros",
  "fumador": true,
  "salud": "Regular",
  "aficion": ["Deporte", "Caminar"],
  "caracteristica": ["Sinceridad", "Buen Humor"],
  "valora": ["Realismo", "Serenidad"],
  "Sexualidad": "Bisexual",
  "Disponible": false
 },
 {
  "_id": 36,
  "alias": "Dorada",
  "apellidos": "LÓPEZ GARRIGASSAIT",
  "nombre": "BERTA",
  "direccion": "BELLAVISTA , 30",
  "poblacion": "Zaragoza",
  "telefono": "935687444",
  "email": "dorada@intercom.es",
  "sexo": "Mujer",
  "fechanacimiento": new Date("1965-7-11T00:00:00.00Z"),
  "estadocivil": "Otros",
  "hijos": 0,
  "desempleado": false,
  "profesion": "Administrativo-a",
  "nivelacademico": "EGB",
  "lengua": "castellano",
  "ingresos": 1400,
  "peso": 80,
  "altura": 1.9,
  "cabello": "Otros",
  "ojos": "Verdes",
  "fumador": false,
  "salud": "Regular",
  "aficion": ["TV", "Caminar"],
  "caracteristica": ["Buen Humor", "Realismo"],
  "valora": ["Inteligencia", "Alegría"],
  "Fobias": "Los coches",
  "Sexualidad": "Bisexual",
  "Disponible": true
 },
 {
  "_id": 37,
  "alias": "Elisa",
  "apellidos": "SÁNCHEZ GÓMEZ",
  "nombre": "MIREIA",
  "direccion": "NOU , 7, 2N.",
  "poblacion": "Lleida",
  "telefono": "936658711",
  "movil": "645874112",
  "email": "elisa@altecom.es",
  "sexo": "Mujer",
  "fechanacimiento": new Date("1962-12-9T00:00:00.00Z"),
  "estadocivil": "Soltero-a",
  "desempleado": false,
  "profesion": "Administrativo-a",
  "nivelacademico": "Elementales",
  "lengua": "castellano",
  "ingresos": 1200,
  "peso": 66,
  "altura": 1.87,
  "cabello": "Rubio",
  "ojos": "Otro",
  "fumador": true,
  "salud": "Excelente",
  "aficion": ["Deporte", "TV"],
  "caracteristica": ["Fortaleza", "Sinceridad"],
  "valora": ["Ternura", "Realismo"],
  "Fobias": "Los políticos",
  "Sexualidad": "Homosexual",
  "Disponible": true
 },
 {
  "_id": 38,
  "alias": "Encarna",
  "apellidos": "ALAVEDRA SUNYÉ",
  "nombre": "GEMMA",
  "direccion": "MANELIC , 1",
  "poblacion": "Barcelona",
  "telefono": "938773941",
  "movil": "632125482",
  "email": "encarna@hotmail.com",
  "sexo": "Mujer",
  "fechanacimiento": new Date("1966-3-22T00:00:00.00Z"),
  "estadocivil": "Casado-a",
  "hijos": 1,
  "desempleado": false,
  "profesion": "Dependiente-a",
  "nivelacademico": "Elementales",
  "lengua": "catalán",
  "ingresos": 1000,
  "peso": 66,
  "altura": 1.89,
  "cabello": "Otros",
  "ojos": "Negros",
  "fumador": false,
  "salud": "Regular",
  "aficion": ["Lectura", "Deporte"],
  "caracteristica": ["Fortaleza", "Inteligencia"],
  "valora": ["Sinceridad", "Fortaleza"],
  "Sexualidad": "No declarada",
  "Disponible": false
 },
 {
  "_id": 39,
  "alias": "entesa",
  "apellidos": "ALIGUÉ BONVEHÍ",
  "nombre": "MARIA ISABEL",
  "direccion": "DE LA PESCA , 1, 1R., 1A.",
  "poblacion": "Lleida",
  "telefono": "938305295",
  "email": "entesa@altecom.es",
  "sexo": "Mujer",
  "fechanacimiento": new Date("1967-2-22T00:00:00.00Z"),
  "estadocivil": "Casado-a",
  "hijos": 0,
  "desempleado": true,
  "profesion": "Asesor-a fiscal",
  "nivelacademico": "Bachillerato",
  "lengua": "castellano",
  "ingresos": 0,
  "ahorros": 62600,
  "peso": 68,
  "altura": 1.83,
  "cabello": "Pelirrojo",
  "ojos": "Otro",
  "fumador": false,
  "salud": "Buena",
  "aficion": ["Lectura", "Cine"],
  "caracteristica": ["Buen Humor", "Serenidad"],
  "valora": ["Inteligencia", "Fortaleza"],
  "Sexualidad": "Bisexual",
  "Disponible": false
 },
 {
  "_id": 40,
  "alias": "Entierravivos",
  "apellidos": "MAS FRANCH",
  "nombre": "TONI",
  "direccion": "PIRINEUS , 34",
  "poblacion": "Lleida",
  "telefono": "936524446",
  "movil": "621445221",
  "sexo": "Hombre",
  "fechanacimiento": new Date("1969-7-24T00:00:00.00Z"),
  "estadocivil": "Divorciado-a",
  "hijos": 1,
  "desempleado": true,
  "nivelacademico": "EGB",
  "lengua": "catalán",
  "ingresos": 0,
  "ahorros": 54700,
  "peso": 54,
  "altura": 1.59,
  "cabello": "Otros",
  "ojos": "Marrones",
  "fumador": false,
  "salud": "Regular",
  "aficion": ["TV", "Música"],
  "caracteristica": ["Ternura", "Sinceridad"],
  "valora": ["Serenidad", "Realismo"],
  "Sexualidad": "No declarada",
  "Disponible": true
 },
 {
  "_id": 41,
  "alias": "Esportista",
  "apellidos": "ALOY COMPTE",
  "nombre": "ALEJANDRO",
  "direccion": "PROL. JACINT VERDAGUER , 1, 2N., 2A.",
  "poblacion": "Madrid",
  "telefono": "938305551",
  "sexo": "Hombre",
  "fechanacimiento": new Date("1958-8-23T00:00:00.00Z"),
  "estadocivil": "Divorciado-a",
  "desempleado": false,
  "nivelacademico": "FP",
  "lengua": "catalán",
  "ingresos": 1400,
  "peso": 78,
  "altura": 1.78,
  "cabello": "Negro",
  "ojos": "Otro",
  "fumador": false,
  "salud": "Regular",
  "aficion": ["Cine", "TV"],
  "caracteristica": ["Fortaleza", "Realismo"],
  "valora": ["Sencillez", "Serenidad"],
  "Sexualidad": "Bisexual",
  "Disponible": true
 },
 {
  "_id": 42,
  "alias": "ET",
  "apellidos": "ASENSIO VEGA",
  "nombre": "JOAN MARTÍ",
  "direccion": "MALLORCA , 11",
  "poblacion": "Zaragoza",
  "telefono": "938206097",
  "email": "et@altecom.es",
  "sexo": "Hombre",
  "fechanacimiento": new Date("1957-12-16T00:00:00.00Z"),
  "estadocivil": "Otros",
  "hijos": 2,
  "desempleado": false,
  "profesion": "Taxista",
  "nivelacademico": "Bachillerato",
  "lengua": "catalán",
  "ingresos": 1300,
  "peso": 91,
  "altura": 1.72,
  "cabello": "Rubio",
  "ojos": "Negros",
  "fumador": true,
  "salud": "Regular",
  "aficion": ["Música"],
  "caracteristica": ["Buen Humor", "Serenidad"],
  "valora": ["Realismo", "Serenidad"],
  "Sexualidad": "Bisexual",
  "Disponible": true
 },
 {
  "_id": 43,
  "alias": "Europa",
  "apellidos": "BIDAULT PÉREZ",
  "nombre": "INGRID",
  "direccion": "SANT BENET , 12, 2N.",
  "poblacion": "Lleida",
  "telefono": "934500644",
  "sexo": "Mujer",
  "fechanacimiento": new Date("1967-3-20T00:00:00.00Z"),
  "estadocivil": "Casado-a",
  "hijos": 0,
  "desempleado": false,
  "nivelacademico": "Licenciado-a",
  "lengua": "catalán",
  "ingresos": 1200,
  "peso": 53,
  "altura": 1.89,
  "cabello": "Castaño",
  "ojos": "Marrones",
  "fumador": false,
  "salud": "Buena",
  "aficion": ["Caminar", "Lectura"],
  "caracteristica": ["Romanticismo", "Alegría"],
  "valora": ["Fortaleza", "Inteligencia"],
  "Sexualidad": "Heterosexual",
  "Disponible": false
 },
 {
  "_id": 44,
  "alias": "expert",
  "apellidos": "ALOY CODINACHS",
  "nombre": "OLIVER",
  "direccion": "PROL. PADRÓ , 1, 2N., 2A.",
  "poblacion": "Lleida",
  "telefono": "938305594",
  "sexo": "Hombre",
  "fechanacimiento": new Date("1959-4-13T00:00:00.00Z"),
  "estadocivil": "Otros",
  "hijos": 1,
  "desempleado": false,
  "profesion": "Representante",
  "nivelacademico": "Licenciado-a",
  "lengua": "castellano",
  "ingresos": 1100,
  "peso": 79,
  "altura": 1.66,
  "cabello": "Castaño",
  "ojos": "Negros",
  "fumador": true,
  "salud": "Fatal",
  "aficion": ["Deporte", "Cine"],
  "caracteristica": ["Fortaleza", "Serenidad"],
  "valora": ["Romanticismo", "Sinceridad"],
  "Fobias": "Los huevos fritos",
  "Sexualidad": "No declarada",
  "Disponible": true
 },
 {
  "_id": 45,
  "alias": "experta",
  "apellidos": "ALTIMIRAS ARMENTEROS",
  "nombre": "SANDRA",
  "direccion": "ARTÈS , 1, 2N., 2A.",
  "poblacion": "Barcelona",
  "telefono": "938300422",
  "email": "experta@wandoo.es",
  "sexo": "Mujer",
  "fechanacimiento": new Date("1960-1-23T00:00:00.00Z"),
  "estadocivil": "Separado-a",
  "hijos": 1,
  "desempleado": false,
  "profesion": "Camarero-a",
  "nivelacademico": "EGB",
  "lengua": "castellano",
  "ingresos": 1100,
  "peso": 110,
  "altura": 1.6,
  "cabello": "Calvo",
  "ojos": "Verdes",
  "fumador": false,
  "salud": "Fatal",
  "aficion": ["Deporte", "Lectura"],
  "caracteristica": ["Ternura", "Realismo"],
  "valora": ["Romanticismo", "Inteligencia"],
  "Sexualidad": "Bisexual",
  "Disponible": true
 },
 {
  "_id": 46,
  "alias": "F50",
  "apellidos": "BELMONTE SÁNCHEZ",
  "nombre": "JORDI",
  "direccion": "JOAN XXIII , 12, 1R, 2A.",
  "poblacion": "Madrid",
  "telefono": "938350511",
  "movil": "621455662",
  "email": "f5@wandoo.es",
  "sexo": "Hombre",
  "fechanacimiento": new Date("1966-7-16T00:00:00.00Z"),
  "estadocivil": "Otros",
  "hijos": 1,
  "desempleado": false,
  "profesion": "Enfermero-a",
  "nivelacademico": "Diplomado-a",
  "lengua": "catalán",
  "ingresos": 1500,
  "peso": 105,
  "altura": 1.74,
  "cabello": "Castaño",
  "ojos": "Azules",
  "fumador": false,
  "salud": "Regular",
  "aficion": ["Música"],
  "caracteristica": ["Alegría", "Ternura"],
  "valora": ["Sinceridad", "Ternura"],
  "Fobias": "Barcelona",
  "Sexualidad": "Homosexual",
  "Disponible": false
 },
 {
  "_id": 47,
  "alias": "Faja Ancha",
  "apellidos": "BAJONA GARCIA",
  "nombre": "MARC",
  "direccion": "BERTRAND I SERRA , 11, 3R.",
  "poblacion": "Zaragoza",
  "telefono": "938727589",
  "sexo": "Hombre",
  "fechanacimiento": new Date("1968-2-25T00:00:00.00Z"),
  "estadocivil": "Otros",
  "hijos": 2,
  "desempleado": false,
  "nivelacademico": "Elementales",
  "lengua": "catalán",
  "ingresos": 1300,
  "peso": 60,
  "altura": 1.7000000000000002,
  "cabello": "Rubio",
  "ojos": "Verdes",
  "fumador": false,
  "salud": "Buena",
  "aficion": ["Música", "Lectura"],
  "caracteristica": ["Ternura", "Sinceridad"],
  "valora": ["Serenidad", "Realismo"],
  "Fobias": "Los niños",
  "Sexualidad": "Homosexual",
  "Disponible": true
 },
 {
  "_id": 48,
  "alias": "Fara",
  "apellidos": "AGUILAR RODRIGUEZ",
  "nombre": "JORDINA",
  "direccion": "LA SARDANA , 1",
  "poblacion": "Barcelona",
  "telefono": "938208488",
  "sexo": "Mujer",
  "fechanacimiento": new Date("1962-8-17T00:00:00.00Z"),
  "estadocivil": "Casado-a",
  "desempleado": false,
  "profesion": "Contable",
  "nivelacademico": "Bachillerato",
  "lengua": "catalán",
  "ingresos": 600,
  "peso": 87,
  "altura": 1.59,
  "cabello": "Calvo",
  "ojos": "Marrones",
  "fumador": false,
  "salud": "Buena",
  "aficion": ["TV", "Música"],
  "caracteristica": ["Buen Humor", "Fortaleza"],
  "valora": ["Ternura", "Inteligencia"],
  "Fobias": "Los coches",
  "Sexualidad": "Heterosexual",
  "Disponible": false
 },
 {
  "_id": 49,
  "alias": "Fina",
  "apellidos": "BARRIGA SOTO",
  "nombre": "MARIA JOSÉ",
  "direccion": "GALILEU , 12",
  "poblacion": "Tarragona",
  "telefono": "938320587",
  "email": "fina@hotmail.com",
  "sexo": "Mujer",
  "fechanacimiento": new Date("1961-7-16T00:00:00.00Z"),
  "estadocivil": "Otros",
  "hijos": 2,
  "desempleado": false,
  "nivelacademico": "Elementales",
  "lengua": "inglés",
  "ingresos": 1100,
  "peso": 70,
  "altura": 1.87,
  "cabello": "Otros",
  "ojos": "Negros",
  "fumador": true,
  "salud": "Regular",
  "aficion": ["Música", "Caminar"],
  "caracteristica": ["Sinceridad", " Realismo"],
  "valora": ["Ternura", " Inteligencia"],
  "Sexualidad": "Homosexual",
  "Disponible": false
 },
 {
  "_id": 50,
  "alias": "Fuego",
  "apellidos": "AVILA MASJUAN",
  "nombre": "RAQUEL",
  "direccion": "SANT VALENTÍ , 11",
  "poblacion": "Girona",
  "telefono": "938203095",
  "movil": "658954422",
  "email": "fuego@altecom.es",
  "sexo": "Mujer",
  "fechanacimiento": new Date("1964-1-23T00:00:00.00Z"),
  "estadocivil": "Separado-a",
  "hijos": 0,
  "desempleado": false,
  "profesion": "Comercial",
  "nivelacademico": "Elementales",
  "lengua": "castellano",
  "ingresos": 600,
  "peso": 70,
  "altura": 1.78,
  "cabello": "Negro",
  "ojos": "Otro",
  "fumador": false,
  "salud": "Regular",
  "aficion": ["Lectura"],
  "caracteristica": ["Sinceridad", "Alegría"],
  "valora": ["Sencillez", "Sinceridad"],
  "Sexualidad": "No declarada",
  "Disponible": true
 },
 {
  "_id": 51,
  "alias": "Galgo",
  "apellidos": "PARRAMON FLORES",
  "nombre": "ENRIC",
  "direccion": "JOAN XXIII , 43",
  "poblacion": "Barcelona",
  "telefono": "934555455",
  "sexo": "Hombre",
  "fechanacimiento": new Date("1963-8-29T00:00:00.00Z"),
  "estadocivil": "Otros",
  "hijos": 0,
  "desempleado": false,
  "profesion": "Dependiente-a",
  "nivelacademico": "EGB",
  "lengua": "castellano",
  "ingresos": 1000,
  "peso": 78,
  "altura": 1.86,
  "cabello": "Castaño",
  "ojos": "Otro",
  "fumador": true,
  "salud": "Regular",
  "aficion": ["Lectura", "Caminar"],
  "caracteristica": ["Fortaleza", "Realismo"],
  "valora": ["Alegría", "Ternura"],
  "Sexualidad": "Homosexual",
  "Disponible": true
 },
 {
  "_id": 52,
  "alias": "Garota",
  "apellidos": "AGUILAR RAMOS",
  "nombre": "MARTA",
  "direccion": "DE LA PAU , 1",
  "poblacion": "Tarragona",
  "telefono": "938208502",
  "email": "garota@hotmail.com",
  "sexo": "Mujer",
  "fechanacimiento": new Date("1961-2-19T00:00:00.00Z"),
  "estadocivil": "Separado-a",
  "hijos": 2,
  "desempleado": false,
  "profesion": "Recepcionista",
  "nivelacademico": "EGB",
  "lengua": "castellano",
  "ingresos": 400,
  "peso": 62,
  "altura": 1.65,
  "cabello": "Otros",
  "ojos": "Otro",
  "fumador": false,
  "salud": "Buena",
  "aficion": ["Caminar", "Música"],
  "caracteristica": ["Sencillez", "Romanticismo"],
  "valora": ["Romanticismo", "Sencillez"],
  "Sexualidad": "Homosexual",
  "Disponible": false
 },
 {
  "_id": 53,
  "alias": "gata",
  "apellidos": "AYALA ALSINA",
  "nombre": "CARLA",
  "direccion": "SANT ANTONI MARIA CLARET , 11",
  "poblacion": "Zaragoza",
  "telefono": "938205245",
  "sexo": "Mujer",
  "fechanacimiento": new Date("1959-4-20T00:00:00.00Z"),
  "estadocivil": "Casado-a",
  "desempleado": false,
  "profesion": "Administrativo-a",
  "nivelacademico": "EGB",
  "lengua": "catalán",
  "ingresos": 800,
  "peso": 103,
  "altura": 1.73,
  "cabello": "Otros",
  "ojos": "Verdes",
  "fumador": true,
  "salud": "Buena",
  "aficion": ["TV", "Lectura"],
  "caracteristica": ["Inteligencia", "Sinceridad"],
  "valora": ["Fortaleza", "Sencillez"],
  "Sexualidad": "Heterosexual",
  "Disponible": false
 },
 {
  "_id": 54,
  "alias": "Gateta",
  "apellidos": "ALVAREZ TROYANO",
  "nombre": "MARIA NOELIA",
  "direccion": "AVINGUDA TRES , 1, 3R., 1A.",
  "poblacion": "Tarragona",
  "telefono": "938300374",
  "email": "gateta@cataloniamail.com",
  "sexo": "Mujer",
  "fechanacimiento": new Date("1964-10-20T00:00:00.00Z"),
  "estadocivil": "Divorciado-a",
  "hijos": 0,
  "desempleado": false,
  "profesion": "Enfermero-a",
  "nivelacademico": "Bachillerato",
  "lengua": "castellano",
  "ingresos": 1200,
  "peso": 66,
  "altura": 1.56,
  "cabello": "Rubio",
  "ojos": "Azules",
  "fumador": false,
  "salud": "Buena",
  "aficion": ["Caminar", "TV"],
  "caracteristica": ["Buen Humor", "Ternura"],
  "valora": ["Buen Humor", "Sinceridad"],
  "Sexualidad": "Heterosexual",
  "Disponible": false
 },
 {
  "_id": 55,
  "alias": "Gioconda",
  "apellidos": "ALINS GONZÁLEZ",
  "nombre": "CRISTINA",
  "direccion": "PROL. PADRÓ , 1, 2N., 1A.",
  "poblacion": "Barcelona",
  "telefono": "938305576",
  "movil": "652148555",
  "sexo": "Mujer",
  "fechanacimiento": new Date("1960-3-27T00:00:00.00Z"),
  "estadocivil": "Soltero-a",
  "hijos": 1,
  "desempleado": false,
  "nivelacademico": "Bachillerato",
  "lengua": "castellano",
  "ingresos": 1200,
  "peso": 102,
  "altura": 1.67,
  "cabello": "Negro",
  "ojos": "Azules",
  "fumador": false,
  "salud": "Regular",
  "aficion": ["Caminar", "Música"],
  "caracteristica": ["Ternura", "Buen Humor"],
  "valora": ["Serenidad", "Realismo"],
  "Sexualidad": "Heterosexual",
  "Disponible": true
 },
 {
  "_id": 56,
  "alias": "Groucho",
  "apellidos": "ACUÑA TORT",
  "nombre": "CARLOS",
  "direccion": "SANT JOAN , 0, C, 3R. A",
  "poblacion": "Valencia",
  "telefono": "938208614",
  "email": "groucho@intercom.es",
  "sexo": "Hombre",
  "fechanacimiento": new Date("1960-9-9T00:00:00.00Z"),
  "estadocivil": "Divorciado-a",
  "hijos": 1,
  "desempleado": false,
  "profesion": "null",
  "nivelacademico": "Licenciado-a",
  "lengua": "catalán",
  "ingresos": 1000,
  "peso": 79,
  "altura": 1.82,
  "cabello": "Rubio",
  "ojos": "Negros",
  "fumador": false,
  "salud": "Buena",
  "aficion": ["Cine", "Deporte"],
  "caracteristica": ["Buen Humor", "Ternura"],
  "valora": ["Serenidad", "Realismo"],
  "Fobias": "Viajar en avión",
  "Sexualidad": "Homosexual",
  "Disponible": true
 },
 {
  "_id": 57,
  "alias": "Harpo",
  "apellidos": "ALGUÉ TRANCHO",
  "nombre": "DAVID",
  "direccion": "PROL. JACINT VERDAGUER , 1, 1R., 1A.",
  "poblacion": "Madrid",
  "telefono": "938770077",
  "email": "harpo@hotmail.com",
  "sexo": "Hombre",
  "fechanacimiento": new Date("1966-11-3T00:00:00.00Z"),
  "estadocivil": "Soltero-a",
  "hijos": 1,
  "desempleado": true,
  "profesion": "Funcionario-a",
  "nivelacademico": "Diplomado-a",
  "lengua": "inglés",
  "ingresos": 3000,
  "ahorros": 62000,
  "peso": 82,
  "altura": 1.7000000000000002,
  "cabello": "Castaño",
  "ojos": "Marrones",
  "fumador": false,
  "salud": "Regular",
  "aficion": ["Lectura", "Música"],
  "caracteristica": ["Fortaleza", "Alegría"],
  "valora": ["Ternura", "Alegría"],
  "Fobias": "Viajar en avión",
  "Sexualidad": "Heterosexual",
  "Disponible": true
 },
 {
  "_id": 58,
  "alias": "Hispa",
  "apellidos": "BADIA CASTILLO",
  "nombre": "CRISTIAN",
  "direccion": "JOAN XXIII , 11, 1R., 1A.",
  "poblacion": "Girona",
  "telefono": "938200713",
  "email": "hispa@cataloniamail.com",
  "sexo": "Hombre",
  "fechanacimiento": new Date("1960-2-23T00:00:00.00Z"),
  "estadocivil": "Soltero-a",
  "hijos": 1,
  "desempleado": false,
  "profesion": "Oficial",
  "nivelacademico": "EGB",
  "lengua": "catalán",
  "ingresos": 300,
  "peso": 103,
  "altura": 1.7000000000000002,
  "cabello": "Rubio",
  "ojos": "Marrones",
  "fumador": true,
  "salud": "Regular",
  "aficion": ["Música", "Deporte"],
  "caracteristica": ["Realismo", "Sencillez"],
  "valora": ["Inteligencia", "Sinceridad"],
  "Sexualidad": "Heterosexual",
  "Disponible": true
 },
 {
  "_id": 59,
  "alias": "Hojalatero",
  "apellidos": "BENITEZ FLORES",
  "nombre": "JULIO ALBERTO",
  "direccion": "LLUÍS CASTELLS , 12, 1R.",
  "poblacion": "Barcelona",
  "telefono": "938270685",
  "movil": "625477881",
  "sexo": "Hombre",
  "fechanacimiento": new Date("1962-10-20T00:00:00.00Z"),
  "estadocivil": "Soltero-a",
  "desempleado": false,
  "profesion": "Representante",
  "nivelacademico": "EGB",
  "lengua": "castellano",
  "ingresos": 300,
  "peso": 54,
  "altura": 1.65,
  "cabello": "Negro",
  "ojos": "Negros",
  "fumador": false,
  "salud": "Fatal",
  "aficion": ["Caminar", "Lectura"],
  "caracteristica": ["Sencillez", "Realismo"],
  "valora": ["Ternura", "Alegría"],
  "Sexualidad": "Bisexual",
  "Disponible": false
 },
 {
  "_id": 60,
  "alias": "Huevo",
  "apellidos": "TORRUELLA GARCIA",
  "nombre": "SERGI",
  "direccion": "PADRÓ , 83",
  "poblacion": "Zaragoza",
  "telefono": "936021048",
  "email": "huevo@terra.es",
  "sexo": "Hombre",
  "fechanacimiento": new Date("1969-5-26T00:00:00.00Z"),
  "estadocivil": "Casado-a",
  "desempleado": false,
  "profesion": "Estudiante",
  "nivelacademico": "Diplomado-a",
  "lengua": "catalán",
  "ingresos": 400,
  "peso": 66,
  "altura": 1.79,
  "cabello": "Negro",
  "ojos": "Verdes",
  "fumador": true,
  "salud": "Buena",
  "aficion": ["Lectura", "Caminar"],
  "caracteristica": ["Inteligencia", "Sinceridad"],
  "valora": ["Serenidad", "Fortaleza"],
  "Sexualidad": "Bisexual",
  "Disponible": true
 },
 {
  "_id": 61,
  "alias": "James Dean",
  "apellidos": "ALBERICH RODRIGUEZ",
  "nombre": "ALEIX",
  "direccion": "SANT ISCLE , 1",
  "poblacion": "Tarragona",
  "telefono": "938773933",
  "movil": "648555552",
  "email": "james dean@intercom.es",
  "sexo": "Hombre",
  "fechanacimiento": new Date("1966-5-12T00:00:00.00Z"),
  "estadocivil": "Divorciado-a",
  "hijos": 2,
  "desempleado": false,
  "profesion": "null",
  "nivelacademico": "Doctor-a",
  "lengua": "gallego",
  "ingresos": 500,
  "peso": 64,
  "altura": 1.7000000000000002,
  "cabello": "Calvo",
  "ojos": "Negros",
  "fumador": false,
  "salud": "Buena",
  "aficion": ["Caminar", "TV"],
  "caracteristica": ["Realismo", "Ternura"],
  "valora": ["Buen Humor", "Realismo"],
  "Fobias": "Los entierros",
  "Sexualidad": "No declarada",
  "Disponible": true
 },
 {
  "_id": 62,
  "alias": "Jéssica",
  "apellidos": "ARMENCOT PUIG",
  "nombre": "VERÒNICA",
  "direccion": "MONTSERRAT , 10",
  "poblacion": "Zaragoza",
  "telefono": "938206766",
  "movil": "690254111",
  "email": "jéssica@hotmail.com",
  "sexo": "Mujer",
  "fechanacimiento": new Date("1960-8-30T00:00:00.00Z"),
  "estadocivil": "Soltero-a",
  "hijos": 1,
  "desempleado": false,
  "profesion": "Camarero-a",
  "nivelacademico": "EGB",
  "lengua": "catalán",
  "ingresos": 1000,
  "peso": 104,
  "altura": 1.84,
  "cabello": "Calvo",
  "ojos": "Azules",
  "fumador": true,
  "salud": "Buena",
  "aficion": "Caminar Música",
  "caracteristica": "Serenidad Sencillez",
  "valora": "Romanticismo Sinceridad",
  "Fobias": "Las ciudades",
  "Sexualidad": "No declarada",
  "Disponible": true
 },
 {
  "_id": 63,
  "alias": "Julia",
  "apellidos": "ALIGUÉ RIVERA",
  "nombre": "MARIONA",
  "direccion": "PROL. JACINT VERDAGUER , 1, 1R., 2A.",
  "poblacion": "Zaragoza",
  "telefono": "938305223",
  "sexo": "Mujer",
  "fechanacimiento": new Date("1962-6-2T00:00:00.00Z"),
  "estadocivil": "Soltero-a",
  "desempleado": false,
  "profesion": "Oficial",
  "nivelacademico": "EGB",
  "lengua": "euskara",
  "ingresos": 700,
  "peso": 48,
  "altura": 1.81,
  "cabello": "Calvo",
  "ojos": "Azules",
  "fumador": false,
  "salud": "Regular",
  "aficion": ["Cine"],
  "caracteristica": ["Fortaleza", "Buen Humor"],
  "valora": ["Fortaleza", "Alegría"],
  "Fobias": "Los perros",
  "Sexualidad": "Homosexual",
  "Disponible": true
 },
 {
  "_id": 64,
  "alias": "Julio",
  "apellidos": "BARRIGA RIU",
  "nombre": "MARC",
  "direccion": "TRABUCAIRES , 12",
  "poblacion": "Zaragoza",
  "telefono": "938325565",
  "sexo": "Hombre",
  "fechanacimiento": new Date("1959-8-2T00:00:00.00Z"),
  "estadocivil": "Divorciado-a",
  "hijos": 1,
  "desempleado": false,
  "profesion": "Comercial",
  "nivelacademico": "Bachillerato",
  "lengua": "catalán",
  "ingresos": 1400,
  "peso": 89,
  "altura": 1.81,
  "cabello": "Rubio",
  "ojos": "Negros",
  "fumador": false,
  "salud": "Buena",
  "aficion": ["Deporte", "Música"],
  "caracteristica": ["Alegría", "Fortaleza"],
  "valora": ["Sencillez", "Realismo"],
  "Sexualidad": "Homosexual",
  "Disponible": true
 },
 {
  "_id": 65,
  "alias": "Lali",
  "apellidos": "PORTELLA GISPETS",
  "nombre": "GEMMA",
  "direccion": "JACINT VERDAGUER , 49, 4T., 2A.",
  "poblacion": "Girona",
  "telefono": "936565448",
  "movil": "632587441",
  "sexo": "Mujer",
  "fechanacimiento": new Date("1966-9-6T00:00:00.00Z"),
  "estadocivil": "Soltero-a",
  "hijos": 1,
  "desempleado": true,
  "profesion": "Diseñador-a",
  "nivelacademico": "EGB",
  "lengua": "castellano",
  "ingresos": 1500,
  "ahorros": 18100,
  "peso": 98,
  "altura": 1.56,
  "cabello": "Otros",
  "ojos": "Marrones",
  "fumador": false,
  "salud": "Buena",
  "aficion": ["Lectura", "Cine"],
  "caracteristica": ["Sinceridad", "Serenidad"],
  "valora": ["Alegría", "Sinceridad"],
  "Sexualidad": "Heterosexual",
  "Disponible": true
 },
 {
  "_id": 66,
  "alias": "libero",
  "apellidos": "AGUILERA BAENA",
  "nombre": "RICARD",
  "direccion": "MANELIC , 1",
  "poblacion": "Madrid",
  "telefono": "938208360",
  "sexo": "Hombre",
  "fechanacimiento": new Date("1963-2-20T00:00:00.00Z"),
  "estadocivil": "Otros",
  "desempleado": false,
  "nivelacademico": "Diplomado-a",
  "lengua": "francés",
  "ingresos": 1500,
  "peso": 82,
  "altura": 1.74,
  "cabello": "Negro",
  "ojos": "Verdes",
  "fumador": false,
  "salud": "Fatal",
  "aficion": ["Caminar", "TV"],
  "caracteristica": ["Buen Humor", "Ternura"],
  "valora": ["Sencillez", "Realismo"],
  "Sexualidad": "Heterosexual",
  "Disponible": false
 },
 {
  "_id": 67,
  "alias": "Llus",
  "apellidos": "RODRIGUEZ GARCÍA",
  "nombre": "JUAN",
  "direccion": "VERGE DE FÀTIMA , 6, BX., 2A.",
  "poblacion": "Madrid",
  "telefono": "936549889",
  "movil": "602412052",
  "email": "llus@hotmail.com",
  "sexo": "Hombre",
  "fechanacimiento": new Date("1962-7-20T00:00:00.00Z"),
  "estadocivil": "Otros",
  "desempleado": false,
  "profesion": "Dependiente-a",
  "nivelacademico": "EGB",
  "lengua": "inglés",
  "ingresos": 500,
  "peso": 94,
  "altura": 1.6,
  "cabello": "Calvo",
  "ojos": "Otro",
  "fumador": true,
  "salud": "Buena",
  "aficion": ["Caminar", "Música"],
  "caracteristica": ["Buen Humor", "Sinceridad"],
  "valora": ["Sinceridad", "Fortaleza"],
  "Sexualidad": "Heterosexual",
  "Disponible": false
 },
 {
  "_id": 68,
  "alias": "Loli",
  "apellidos": "AGUILAR SUNYÉ",
  "nombre": "MARTA",
  "direccion": "SANT JOAN , 0, D, 3R. A",
  "poblacion": "Tarragona",
  "telefono": "938208677",
  "sexo": "Mujer",
  "fechanacimiento": new Date("1960-11-27T00:00:00.00Z"),
  "estadocivil": "Casado-a",
  "desempleado": false,
  "nivelacademico": "Elementales",
  "lengua": "castellano",
  "ingresos": 0,
  "peso": 91,
  "altura": 1.73,
  "cabello": "Calvo",
  "ojos": "Verdes",
  "fumador": false,
  "salud": "Buena",
  "aficion": ["Cine", "Lectura"],
  "caracteristica": ["Sencillez", "Serenidad"],
  "valora": ["Buen Humor", "Sencillez"],
  "Fobias": "Los hospitales",
  "Sexualidad": "Heterosexual",
  "Disponible": true
 },
 {
  "_id": 69,
  "alias": "Madonna",
  "apellidos": "BARRIGA TARDÀ",
  "nombre": "NATÀLIA",
  "direccion": "GALILEU , 12",
  "poblacion": "Madrid",
  "telefono": "938325558",
  "email": "madonna@wandoo.es",
  "sexo": "Mujer",
  "fechanacimiento": new Date("1959-11-18T00:00:00.00Z"),
  "estadocivil": "Otros",
  "hijos": 1,
  "desempleado": false,
  "profesion": "Delineante",
  "nivelacademico": "Bachillerato",
  "lengua": "castellano",
  "ingresos": 1100,
  "peso": 95,
  "altura": 1.86,
  "cabello": "Calvo",
  "ojos": "Otro",
  "fumador": true,
  "salud": "Regular",
  "aficion": ["TV", "Lectura"],
  "caracteristica": ["Sencillez", "Romanticismo"],
  "valora": ["Realismo", "Inteligencia"],
  "Fobias": "Los hospitales",
  "Sexualidad": "No declarada",
  "Disponible": false
 },
 {
  "_id": 70,
  "alias": "Mata Hari",
  "apellidos": "BARCONS LARA",
  "nombre": "MARTA",
  "direccion": "ESPORTS , 12",
  "poblacion": "Barcelona",
  "telefono": "938360281",
  "email": "mata hari@intercom.es",
  "sexo": "Mujer",
  "fechanacimiento": new Date("1968-10-25T00:00:00.00Z"),
  "estadocivil": "Otros",
  "hijos": 0,
  "desempleado": false,
  "profesion": "Comercial",
  "nivelacademico": "EGB",
  "lengua": "catalán",
  "ingresos": 3000,
  "peso": 110,
  "altura": 1.88,
  "cabello": "Otros",
  "ojos": "Otro",
  "fumador": false,
  "salud": "Regular",
  "aficion": ["Música", "Deporte"],
  "caracteristica": ["Fortaleza", "Sencillez"],
  "valora": ["Buen Humor", "Fortaleza"],
  "Sexualidad": "Heterosexual",
  "Disponible": true
 },
 {
  "_id": 71,
  "alias": "Melanie",
  "apellidos": "AGUILERA TATJÉ",
  "nombre": "LAURA",
  "direccion": "JOSEP BOIXADERAS , 1",
  "poblacion": "Valencia",
  "telefono": "938208380",
  "movil": "625411014",
  "email": "melanie@minorisa.es",
  "sexo": "Mujer",
  "fechanacimiento": new Date("1963-2-10T00:00:00.00Z"),
  "estadocivil": "Otros",
  "hijos": 1,
  "desempleado": false,
  "profesion": "null",
  "nivelacademico": "EGB",
  "lengua": "castellano",
  "ingresos": 700,
  "peso": 96,
  "altura": 1.89,
  "cabello": "Castaño",
  "ojos": "Azules",
  "fumador": false,
  "salud": "Regular",
  "aficion": ["Caminar", "Lectura"],
  "caracteristica": ["Fortaleza", "Sencillez"],
  "valora": ["Alegría", "Fortaleza"],
  "Sexualidad": "Homosexual",
  "Disponible": true
 },
 {
  "_id": 72,
  "alias": "Melquíades",
  "apellidos": "ALEU PRAT",
  "nombre": "JOAN",
  "direccion": "CERVANTES , 1, 1R.",
  "poblacion": "Girona",
  "telefono": "938770878",
  "email": "melquíades@hotmail.com",
  "sexo": "Hombre",
  "fechanacimiento": new Date("1969-2-2T00:00:00.00Z"),
  "estadocivil": "Otros",
  "hijos": 2,
  "desempleado": false,
  "nivelacademico": "EGB",
  "lengua": "catalán",
  "ingresos": 1500,
  "peso": 93,
  "altura": 1.83,
  "cabello": "Calvo",
  "ojos": "Azules",
  "fumador": false,
  "salud": "Buena",
  "aficion": ["Cine", "TV"],
  "caracteristica": ["Alegría", "Realismo"],
  "valora": ["Romanticismo", "Sinceridad"],
  "Sexualidad": "Heterosexual",
  "Disponible": true
 },
 {
  "_id": 73,
  "alias": "Merche",
  "apellidos": "VALLÉS GIRVENT",
  "nombre": "ALEXIA",
  "direccion": "CERVANTES , 9, 1R.",
  "poblacion": "Valencia",
  "telefono": "936874511",
  "movil": "654822414",
  "email": "merche@terra.es",
  "sexo": "Mujer",
  "fechanacimiento": new Date("1964-3-16T00:00:00.00Z"),
  "estadocivil": "Soltero-a",
  "hijos": 0,
  "desempleado": true,
  "profesion": "Contable",
  "nivelacademico": "Diplomado-a",
  "lengua": "catalán",
  "ingresos": 600,
  "ahorros": 39700,
  "peso": 53,
  "altura": 1.67,
  "cabello": "Calvo",
  "ojos": "Azules",
  "fumador": false,
  "salud": "Regular",
  "aficion": ["Música", "Cine"],
  "caracteristica": ["Fortaleza", "Alegría"],
  "valora": ["Sinceridad", "Serenidad"],
  "Fobias": "Los perros",
  "Sexualidad": "Heterosexual",
  "Disponible": true
 },
 {
  "_id": 74,
  "alias": "Midas",
  "apellidos": "MOLINA GARRIDO",
  "nombre": "FERRAN",
  "direccion": "JOAN XXIII , 39",
  "poblacion": "Girona",
  "telefono": "936548745",
  "movil": "698774444",
  "email": "midas@cataloniamail.com",
  "sexo": "Hombre",
  "fechanacimiento": new Date("1964-6-21T00:00:00.00Z"),
  "estadocivil": "Soltero-a",
  "hijos": 0,
  "desempleado": true,
  "profesion": "Dependiente-a",
  "nivelacademico": "EGB",
  "lengua": "castellano",
  "ingresos": 500,
  "ahorros": 36100,
  "peso": 59,
  "altura": 1.81,
  "cabello": "Calvo",
  "ojos": "Otro",
  "fumador": true,
  "salud": "Excelente",
  "aficion": ["Música", "Caminar"],
  "caracteristica": ["Buen Humor", "Realismo"],
  "valora": ["Fortaleza", "Serenidad"],
  "Fobias": "Los perros",
  "Sexualidad": "Homosexual",
  "Disponible": false
 },
 {
  "_id": 75,
  "alias": "Mona lisa",
  "apellidos": "ARISSA HERMOSO",
  "nombre": "CRISTINA",
  "direccion": "DOCTOR BARNARD , 10",
  "poblacion": "Tarragona",
  "telefono": "938755512",
  "movil": "602111254",
  "email": "mona lisa@minorisa.es",
  "sexo": "Mujer",
  "fechanacimiento": new Date("1957-11-19T00:00:00.00Z"),
  "estadocivil": "Soltero-a",
  "desempleado": false,
  "profesion": "null",
  "nivelacademico": "Bachillerato",
  "lengua": "catalán",
  "ingresos": 1000,
  "peso": 75,
  "altura": 1.74,
  "cabello": "Castaño",
  "ojos": "Azules",
  "fumador": false,
  "salud": "Buena",
  "aficion": ["Deporte", "Cine"],
  "caracteristica": ["Ternura", "Sinceridad"],
  "valora": ["Buen Humor", "Sencillez"],
  "Sexualidad": "No declarada",
  "Disponible": false
 },
 {
  "_id": 76,
  "alias": "Moro",
  "apellidos": "BARALDÉS PARDO",
  "nombre": "JOSÉ ANTONIO",
  "direccion": "ESPORTS , 12",
  "poblacion": "Barcelona",
  "telefono": "938722096",
  "email": "moro@minorisa.es",
  "sexo": "Hombre",
  "fechanacimiento": new Date("1966-11-30T00:00:00.00Z"),
  "estadocivil": "Separado-a",
  "hijos": 0,
  "desempleado": false,
  "profesion": "Asesor-a fiscal",
  "nivelacademico": "Elementales",
  "lengua": "catalán",
  "ingresos": 1500,
  "peso": 97,
  "altura": 1.59,
  "cabello": "Calvo",
  "ojos": "Otro",
  "fumador": true,
  "salud": "Regular",
  "aficion": ["Música", "Cine"],
  "caracteristica": ["Realismo", "Sinceridad"],
  "valora": ["Romanticismo", "Alegría"],
  "Sexualidad": "No declarada",
  "Disponible": true
 },
 {
  "_id": 77,
  "alias": "Mozart",
  "apellidos": "SUAREZ GARZÓN",
  "nombre": "JORDI",
  "direccion": "DE LA PAU , 8",
  "poblacion": "Valencia",
  "telefono": "934512544",
  "email": "mozart@wandoo.es",
  "sexo": "Hombre",
  "fechanacimiento": new Date("1960-9-3T00:00:00.00Z"),
  "estadocivil": "Soltero-a",
  "hijos": 1,
  "desempleado": false,
  "profesion": "Taxista",
  "nivelacademico": "EGB",
  "lengua": "catalán",
  "ingresos": 1600,
  "peso": 108,
  "altura": 1.85,
  "cabello": "Castaño",
  "ojos": "Negros",
  "fumador": false,
  "salud": "Regular",
  "aficion": ["Lectura", "Deporte"],
  "caracteristica": ["Serenidad", "Fortaleza"],
  "valora": ["Serenidad", "Romanticismo"],
  "Sexualidad": "Heterosexual",
  "Disponible": true
 },
 {
  "_id": 78,
  "alias": "Nadadora",
  "apellidos": "ARPA MORENO",
  "nombre": "BEGONYA",
  "direccion": "SANT VALENTÍ , 11",
  "poblacion": "Lleida",
  "telefono": "938205011",
  "sexo": "Mujer",
  "fechanacimiento": new Date("1964-10-28T00:00:00.00Z"),
  "estadocivil": "Otros",
  "hijos": 1,
  "desempleado": false,
  "profesion": "Dependiente-a",
  "nivelacademico": "Elementales",
  "lengua": "gallego",
  "ingresos": 800,
  "peso": 106,
  "altura": 1.8,
  "cabello": "Castaño",
  "ojos": "Verdes",
  "fumador": true,
  "salud": "Buena",
  "aficion": ["Música", "TV"],
  "caracteristica": ["Alegría", "Romanticismo"],
  "valora": ["Serenidad", "Fortaleza"],
  "Sexualidad": "Bisexual",
  "Disponible": true
 },
 {
  "_id": 79,
  "alias": "Nalga",
  "apellidos": "ALOY FARRANDO",
  "nombre": "INGRID",
  "direccion": "PROL. PADRÓ , 1, 2N., 2A.",
  "poblacion": "Barcelona",
  "telefono": "938300864",
  "sexo": "Mujer",
  "fechanacimiento": new Date("1959-4-14T00:00:00.00Z"),
  "estadocivil": "Separado-a",
  "hijos": 1,
  "desempleado": false,
  "profesion": "Representante",
  "nivelacademico": "EGB",
  "lengua": "gallego",
  "ingresos": 0,
  "peso": 93,
  "altura": 1.82,
  "cabello": "Pelirrojo",
  "ojos": "Otro",
  "fumador": false,
  "salud": "Regular",
  "aficion": ["TV", "Lectura"],
  "caracteristica": ["Inteligencia", "Buen Humor"],
  "valora": ["Sencillez", "Inteligencia"],
  "Sexualidad": "Bisexual",
  "Disponible": true
 },
 {
  "_id": 80,
  "alias": "Napoleon",
  "apellidos": "LUQUE GARRIGASAIT",
  "nombre": "MIQUEL",
  "direccion": "VIC , 30 (TORROELLA)",
  "poblacion": "Lleida",
  "telefono": "933256844",
  "movil": "625401445",
  "email": "napoleon@cidet.com",
  "sexo": "Hombre",
  "fechanacimiento": new Date("1967-9-20T00:00:00.00Z"),
  "estadocivil": "Divorciado-a",
  "hijos": 0,
  "desempleado": false,
  "profesion": "Taxista",
  "nivelacademico": "Licenciado-a",
  "lengua": "catalán",
  "ingresos": 1000,
  "peso": 93,
  "altura": 1.64,
  "cabello": "Rubio",
  "ojos": "Azules",
  "fumador": false,
  "salud": "Buena",
  "aficion": ["Caminar", "Cine"],
  "caracteristica": ["Alegría", "Inteligencia"],
  "valora": ["Sencillez", "Realismo"],
  "Sexualidad": "Heterosexual",
  "Disponible": false
 },
 {
  "_id": 81,
  "alias": "Orondo",
  "apellidos": "RIDÓ GÓMEZ",
  "nombre": "AGUSTÍ",
  "direccion": "SANT ISCLE , 6",
  "poblacion": "Tarragona",
  "telefono": "936528779",
  "email": "orondo@altecom.es",
  "sexo": "Hombre",
  "fechanacimiento": new Date("1966-5-24T00:00:00.00Z"),
  "estadocivil": "Casado-a",
  "hijos": 2,
  "desempleado": false,
  "profesion": "Contable",
  "nivelacademico": "FP",
  "lengua": "castellano",
  "ingresos": 1000,
  "peso": 79,
  "altura": 1.59,
  "cabello": "Pelirrojo",
  "ojos": "Negros",
  "fumador": false,
  "salud": "Regular",
  "aficion": ["Cine", "Caminar"],
  "caracteristica": ["Sinceridad", "Ternura"],
  "valora": ["Sinceridad", "Buen Humor"],
  "Fobias": "Los fumadores",
  "Sexualidad": "Bisexual",
  "Disponible": true
 },
 {
  "_id": 82,
  "alias": "Papagayo",
  "apellidos": "SANTAMARIA FLOTATS",
  "nombre": "ANTONI",
  "direccion": "JAUME BALMES , 70, 3R, 1A.",
  "poblacion": "Girona",
  "telefono": "931021886",
  "email": "papagayo@altecom.es",
  "sexo": "Hombre",
  "fechanacimiento": new Date("1967-5-31T00:00:00.00Z"),
  "estadocivil": "Soltero-a",
  "desempleado": true,
  "profesion": "Profesor-a",
  "nivelacademico": "EGB",
  "lengua": "catalán",
  "ingresos": 400,
  "ahorros": 95000,
  "peso": 89,
  "altura": 1.84,
  "cabello": "Otros",
  "ojos": "Otro",
  "fumador": false,
  "salud": "Buena",
  "aficion": ["Caminar", "Cine"],
  "caracteristica": ["Ternura", "Romanticismo"],
  "valora": ["Sinceridad", "Inteligencia"],
  "Fobias": "Los niños",
  "Sexualidad": "Homosexual",
  "Disponible": true
 },
 {
  "_id": 83,
  "alias": "Paseante",
  "apellidos": "HERMS GÓMEZ",
  "nombre": "JOAN",
  "direccion": "GERMAN DURAN , 27, 3R., 1A.",
  "poblacion": "Zaragoza",
  "telefono": "936201457",
  "movil": "658955442",
  "sexo": "Hombre",
  "fechanacimiento": new Date("1958-10-21T00:00:00.00Z"),
  "estadocivil": "Divorciado-a",
  "hijos": 1,
  "desempleado": false,
  "profesion": "Camarero-a",
  "nivelacademico": "EGB",
  "lengua": "francés",
  "ingresos": 0,
  "peso": 81,
  "altura": 1.71,
  "cabello": "Pelirrojo",
  "ojos": "Otro",
  "fumador": true,
  "salud": "Buena",
  "aficion": ["Música", "TV"],
  "caracteristica": ["Sinceridad", "Buen Humor"],
  "valora": ["Realismo", "Romanticismo"],
  "Sexualidad": "Heterosexual",
  "Disponible": false
 },
 {
  "_id": 84,
  "alias": "Pasión",
  "apellidos": "ARTIGAS MATURANO",
  "nombre": "MÒNICA",
  "direccion": "SANT JOAN , 11",
  "poblacion": "Lleida",
  "telefono": "938207515",
  "email": "pasión@altecom.es",
  "sexo": "Mujer",
  "fechanacimiento": new Date("1959-10-3T00:00:00.00Z"),
  "estadocivil": "Separado-a",
  "hijos": 3,
  "desempleado": false,
  "profesion": "Funcionario-a",
  "nivelacademico": "EGB",
  "lengua": "catalán",
  "ingresos": 1400,
  "peso": 100,
  "altura": 1.86,
  "cabello": "Otros",
  "ojos": "Otro",
  "fumador": false,
  "salud": "Regular",
  "aficion": ["Cine", "Lectura"],
  "caracteristica": ["Ternura", "Sencillez"],
  "valora": ["Alegría", "Ternura"],
  "Fobias": "Los entierros",
  "Sexualidad": "Heterosexual",
  "Disponible": true
 },
 {
  "_id": 85,
  "alias": "Pato",
  "apellidos": "AGUILAR MASANA",
  "nombre": "GERARD",
  "direccion": "PUIG , 1",
  "poblacion": "Madrid",
  "telefono": "938208558",
  "sexo": "Hombre",
  "fechanacimiento": new Date("1961-5-23T00:00:00.00Z"),
  "estadocivil": "Casado-a",
  "hijos": 2,
  "desempleado": false,
  "profesion": "Arquitecto-a",
  "nivelacademico": "Elementales",
  "lengua": "castellano",
  "ingresos": 300,
  "peso": 83,
  "altura": 1.84,
  "cabello": "Rubio",
  "ojos": "Marrones",
  "fumador": true,
  "salud": "Fatal",
  "aficion": ["Música", "Cine"],
  "caracteristica": ["Ternura", "Sinceridad"],
  "valora": ["Buen Humor", "Ternura"],
  "Sexualidad": "No declarada",
  "Disponible": true
 },
 {
  "_id": 86,
  "alias": "Pelusa",
  "apellidos": "ALTIMIRAS SERAROLS",
  "nombre": "GEMMA",
  "direccion": "PROL. JACINT VERDAGUER , 1, 2N., 2A.",
  "poblacion": "Valencia",
  "telefono": "938300496",
  "email": "pelusa@hotmail.com",
  "sexo": "Mujer",
  "fechanacimiento": new Date("1961-1-16T00:00:00.00Z"),
  "estadocivil": "Casado-a",
  "hijos": 4,
  "desempleado": false,
  "profesion": "Funcionario-a",
  "nivelacademico": "Bachillerato",
  "lengua": "catalán",
  "ingresos": 1300,
  "peso": 89,
  "altura": 1.76,
  "cabello": "Calvo",
  "ojos": "Azules",
  "fumador": false,
  "salud": "Buena",
  "aficion": ["Caminar", "TV"],
  "caracteristica": ["Serenidad", "Inteligencia"],
  "valora": ["Sinceridad", "Ternura"],
  "Fobias": "Los dibujos animados",
  "Sexualidad": "Homosexual",
  "Disponible": true
 },
 {
  "_id": 87,
  "alias": "Perla",
  "apellidos": "TORRESCASANA GARCIA",
  "nombre": "MARIA",
  "direccion": "RAMON I CAJAL , 81, 2N.",
  "poblacion": "Lleida",
  "telefono": "930120545",
  "movil": "625458445",
  "email": "perla@cataloniamail.com",
  "sexo": "Mujer",
  "fechanacimiento": new Date("1957-10-29T00:00:00.00Z"),
  "estadocivil": "Divorciado-a",
  "desempleado": false,
  "profesion": "Asesor-a fiscal",
  "nivelacademico": "FP",
  "lengua": "catalán",
  "ingresos": 4000,
  "peso": 63,
  "altura": 1.77,
  "cabello": "Pelirrojo",
  "ojos": "Negros",
  "fumador": true,
  "salud": "Excelente",
  "aficion": ["Caminar", "Música"],
  "caracteristica": ["Realismo", "Sencillez"],
  "valora": ["Serenidad", "Realismo"],
  "Fobias": "Los niños",
  "Sexualidad": "Heterosexual",
  "Disponible": true
 },
 {
  "_id": 88,
  "alias": "Picasso",
  "apellidos": "ARIZA PUIGBÓ",
  "nombre": "ORIOL",
  "direccion": "MORAGUES , 10",
  "poblacion": "Girona",
  "telefono": "938207095",
  "observaciones": "Ex-presidiario",
  "sexo": "Hombre",
  "fechanacimiento": new Date("1967-12-5T00:00:00.00Z"),
  "estadocivil": "Casado-a",
  "hijos": 1,
  "desempleado": true,
  "profesion": "Dependiente-a",
  "nivelacademico": "Elementales",
  "lengua": "catalán",
  "ingresos": 900,
  "ahorros": 76400,
  "peso": 79,
  "altura": 1.7000000000000002,
  "cabello": "Negro",
  "ojos": "Negros",
  "fumador": false,
  "salud": "Regular",
  "aficion": ["Cine", "TV"],
  "caracteristica": ["Inteligencia", "Ternura"],
  "valora": ["Alegría", " Realismo"],
  "Fobias": "Los entierros",
  "Sexualidad": "Homosexual",
  "Disponible": true
 },
 {
  "_id": 89,
  "alias": "poma",
  "apellidos": "ALVAREZ ARMENTEROS",
  "nombre": "VIRGINIA",
  "direccion": "PROL. PADRÓ , 1, 3R., 2A.",
  "poblacion": "Barcelona",
  "telefono": "938300214",
  "sexo": "Mujer",
  "fechanacimiento": new Date("1965-10-30T00:00:00.00Z"),
  "estadocivil": "Separado-a",
  "hijos": 0,
  "desempleado": false,
  "profesion": "Conductor-a",
  "nivelacademico": "Bachillerato",
  "lengua": "catalán",
  "ingresos": 0,
  "peso": 66,
  "altura": 1.82,
  "cabello": "Negro",
  "ojos": "Marrones",
  "fumador": false,
  "salud": "Regular",
  "aficion": ["Deporte", "Música"],
  "caracteristica": ["Romanticismo", "Sinceridad"],
  "valora": ["Sinceridad", "Inteligencia"],
  "Sexualidad": "Heterosexual",
  "Disponible": true
 },
 {
  "_id": 90,
  "alias": "Psicosis",
  "apellidos": "BARALDÉS TARRAGÓ",
  "nombre": "DAMIÀ",
  "direccion": "FRANCESC DE VITÒRIA , 11, 4T 2A",
  "poblacion": "Tarragona",
  "telefono": "938727244",
  "movil": "625410101",
  "email": "psicosis@intercom.es",
  "sexo": "Hombre",
  "fechanacimiento": new Date("1969-5-19T00:00:00.00Z"),
  "estadocivil": "Divorciado-a",
  "desempleado": true,
  "profesion": "Camarero-a",
  "nivelacademico": "EGB",
  "lengua": "catalán",
  "ingresos": 1600,
  "ahorros": 103400,
  "peso": 101,
  "altura": 1.64,
  "cabello": "Castaño",
  "ojos": "Negros",
  "fumador": false,
  "salud": "Buena",
  "aficion": ["TV", "Deporte"],
  "caracteristica": ["Fortaleza", "Buen Humor"],
  "valora": ["Realismo", "Sinceridad"],
  "Sexualidad": "Homosexual",
  "Disponible": false
 },
 {
  "_id": 91,
  "alias": "Quince centimos",
  "apellidos": "GARCIA GARCÍA",
  "nombre": "VALENTÍ",
  "direccion": "ALBÉNIZ , 22, 2N.",
  "poblacion": "Barcelona",
  "telefono": "936565874",
  "observaciones": "Mucha discreción",
  "sexo": "Hombre",
  "fechanacimiento": new Date("1964-7-14T00:00:00.00Z"),
  "estadocivil": "Separado-a",
  "hijos": 1,
  "desempleado": false,
  "profesion": "Camarero-a",
  "nivelacademico": "FP",
  "lengua": "castellano",
  "ingresos": 400,
  "peso": 108,
  "altura": 1.65,
  "cabello": "Otros",
  "ojos": "Azules",
  "fumador": false,
  "salud": "Regular",
  "aficion": ["Deporte", "Lectura"],
  "caracteristica": ["Sinceridad", "Fortaleza"],
  "valora": ["Serenidad", "Sinceridad"],
  "Sexualidad": "Homosexual",
  "Disponible": true
 },
 {
  "_id": 92,
  "alias": "Rebeca",
  "apellidos": "AROCA GÓMEZ",
  "nombre": "AINA",
  "direccion": "TRES ROURES , 10, 4T 2A",
  "poblacion": "Tarragona",
  "telefono": "938205782",
  "movil": "632514125",
  "email": "rebeca@cataloniamail.com",
  "sexo": "Mujer",
  "fechanacimiento": new Date("1964-1-29T00:00:00.00Z"),
  "estadocivil": "Separado-a",
  "hijos": 0,
  "desempleado": false,
  "nivelacademico": "FP",
  "lengua": "catalán",
  "ingresos": 500,
  "peso": 95,
  "altura": 1.75,
  "cabello": "Pelirrojo",
  "ojos": "Otro",
  "fumador": true,
  "salud": "Buena",
  "aficion": ["Deporte", "Cine"],
  "caracteristica": ["Serenidad", "Inteligencia"],
  "valora": ["Romanticismo", "Ternura"],
  "Sexualidad": "Homosexual",
  "Disponible": true
 },
 {
  "_id": 93,
  "alias": "Rebelde",
  "apellidos": "ALONSO RODRIGUEZ",
  "nombre": "DAVID",
  "direccion": "PROL. PADRÓ , 1, 2N., 1A.",
  "poblacion": "Girona",
  "telefono": "938305551",
  "email": "rebelde@intercom.es",
  "sexo": "Hombre",
  "fechanacimiento": new Date("1958-3-23T00:00:00.00Z"),
  "estadocivil": "Divorciado-a",
  "hijos": 2,
  "desempleado": false,
  "profesion": "null",
  "nivelacademico": "Licenciado-a",
  "lengua": "francés",
  "ingresos": 1500,
  "peso": 83,
  "altura": 1.73,
  "cabello": "Calvo",
  "ojos": "Verdes",
  "fumador": false,
  "salud": "Buena",
  "aficion": ["Lectura", "Música"],
  "caracteristica": ["Romanticismo", "Realismo"],
  "valora": ["Serenidad", "Ternura"],
  "Sexualidad": "Homosexual",
  "Disponible": true
 },
 {
  "_id": 94,
  "alias": "Recio",
  "apellidos": "CANO GÓMEZ",
  "nombre": "GERARD",
  "direccion": "ALBÉNIZ , 13, 2N., 1A.",
  "poblacion": "Zaragoza",
  "telefono": "936577225",
  "sexo": "Hombre",
  "fechanacimiento": new Date("1966-11-4T00:00:00.00Z"),
  "estadocivil": "Otros",
  "hijos": 1,
  "desempleado": false,
  "profesion": "Asesor-a fiscal",
  "nivelacademico": "Doctor-a",
  "lengua": "castellano",
  "ingresos": 1200,
  "peso": 69,
  "altura": 1.72,
  "cabello": "Otros",
  "ojos": "Verdes",
  "fumador": true,
  "salud": "Buena",
  "aficion": ["Caminar", "Deporte"],
  "caracteristica": ["Inteligencia", "Fortaleza"],
  "valora": ["Serenidad", "Ternura"],
  "Sexualidad": "Heterosexual",
  "Disponible": true
 },
 {
  "_id": 95,
  "alias": "Recital",
  "apellidos": "ALCAIDE MOLINA",
  "nombre": "MARTA",
  "direccion": "FONT DEL GAT , 1",
  "poblacion": "Lleida",
  "telefono": "938773647",
  "movil": "632544145",
  "observaciones": "Persona Pública",
  "sexo": "Mujer",
  "fechanacimiento": new Date("1967-7-17T00:00:00.00Z"),
  "estadocivil": "Separado-a",
  "desempleado": false,
  "profesion": "Camarero-a",
  "nivelacademico": "Elementales",
  "lengua": "catalán",
  "ingresos": 400,
  "peso": 73,
  "altura": 1.72,
  "cabello": "Castaño",
  "ojos": "Marrones",
  "fumador": false,
  "salud": "Regular",
  "aficion": ["Deporte", "Cine"],
  "caracteristica": ["Romanticismo", "Alegría"],
  "valora": ["Inteligencia", "Ternura"],
  "Sexualidad": "No declarada",
  "Disponible": false
 },
 {
  "_id": 96,
  "alias": "Rene",
  "apellidos": "AGUILERA PRAT",
  "nombre": "MIREIA",
  "direccion": "MONTCAU , 1",
  "poblacion": "Lleida",
  "telefono": "938208054",
  "email": "rene@intercom.es",
  "sexo": "Mujer",
  "fechanacimiento": new Date("1966-2-16T00:00:00.00Z"),
  "estadocivil": "Soltero-a",
  "hijos": 1,
  "desempleado": true,
  "nivelacademico": "Elementales",
  "lengua": "catalán",
  "ingresos": 600,
  "ahorros": 24100,
  "peso": 90,
  "altura": 1.57,
  "cabello": "Negro",
  "ojos": "Marrones",
  "fumador": false,
  "salud": "Buena",
  "aficion": ["Deporte", "Caminar"],
  "caracteristica": ["Sencillez", "Fortaleza"],
  "valora": ["Ternura"],
  "Sexualidad": "No declarada",
  "Disponible": true
 },
 {
  "_id": 97,
  "alias": "Repicó",
  "apellidos": "ALAPONT ICART",
  "nombre": "ELOI",
  "direccion": "MONTURIOL , 1",
  "poblacion": "Lleida",
  "telefono": "938208054",
  "movil": "658789875",
  "sexo": "Hombre",
  "fechanacimiento": new Date("1966-3-9T00:00:00.00Z"),
  "estadocivil": "Soltero-a",
  "hijos": 1,
  "desempleado": true,
  "nivelacademico": "EGB",
  "lengua": "catalán",
  "ingresos": 1300,
  "ahorros": 102200,
  "peso": 58,
  "altura": 1.61,
  "cabello": "Rubio",
  "ojos": "Marrones",
  "fumador": false,
  "salud": "Buena",
  "aficion": ["Cine", "Música"],
  "caracteristica": ["Realismo", "Sinceridad"],
  "valora": ["Sinceridad"],
  "Sexualidad": "Homosexual",
  "Disponible": true
 },
 {
  "_id": 98,
  "alias": "Rica",
  "apellidos": "RIVERO FLORIDO",
  "nombre": "ANNA",
  "direccion": "VILATORRADA , 6",
  "poblacion": "Valencia",
  "telefono": "930712563",
  "movil": "654112144",
  "email": "rica@terra.es",
  "observaciones": "La trae su madre",
  "sexo": "Mujer",
  "fechanacimiento": new Date("1969-3-23T00:00:00.00Z"),
  "estadocivil": "Casado-a",
  "hijos": 0,
  "desempleado": false,
  "profesion": "Comercial",
  "nivelacademico": "Diplomado-a",
  "lengua": "castellano",
  "ingresos": 700,
  "peso": 102,
  "altura": 1.84,
  "cabello": "Otros",
  "ojos": "Marrones",
  "fumador": false,
  "salud": "Fatal",
  "aficion": ["Música", "TV"],
  "caracteristica": ["Sinceridad", "Romanticismo"],
  "valora": ["Inteligencia", "Sinceridad"],
  "Sexualidad": "Bisexual",
  "Disponible": true
 },
 {
  "_id": 99,
  "alias": "Rockera",
  "apellidos": "AVILA MASJUAN",
  "nombre": "ALBA",
  "direccion": "JAUME GALOBART , 11",
  "poblacion": "Valencia",
  "telefono": "938204078",
  "email": "rockera@terra.es",
  "sexo": "Mujer",
  "fechanacimiento": new Date("1957-9-22T00:00:00.00Z"),
  "estadocivil": "Otros",
  "hijos": 2,
  "desempleado": false,
  "profesion": "Camarero-a",
  "nivelacademico": "EGB",
  "lengua": "catalán",
  "ingresos": 500,
  "peso": 76,
  "altura": 1.57,
  "cabello": "Otros",
  "ojos": "Negros",
  "fumador": true,
  "salud": "Regular",
  "aficion": ["Lectura", "TV"],
  "caracteristica": ["Ternura", "Fortaleza"],
  "valora": ["Buen Humor", "Alegría"],
  "Sexualidad": "Bisexual",
  "Disponible": true
 },
 {
  "_id": 100,
  "alias": "Roma",
  "apellidos": "GRANADOS ANDRÉS",
  "nombre": "SANDRA",
  "direccion": "SANT GENÍS , 25",
  "poblacion": "Barcelona",
  "telefono": "936871045",
  "observaciones": "Mucha discreción",
  "sexo": "Mujer",
  "fechanacimiento": new Date("1961-11-15T00:00:00.00Z"),
  "estadocivil": "Divorciado-a",
  "hijos": 1,
  "desempleado": false,
  "profesion": "Camarero-a",
  "nivelacademico": "Bachillerato",
  "lengua": "catalán",
  "ingresos": 1500,
  "peso": 51,
  "altura": 1.61,
  "cabello": "Calvo",
  "ojos": "Marrones",
  "fumador": false,
  "salud": "Regular",
  "aficion": ["Caminar", "Deporte"],
  "caracteristica": ["Alegría", "Sinceridad"],
  "valora": ["Serenidad", "Sencillez"],
  "Sexualidad": "Heterosexual",
  "Disponible": true
 },
 {
  "_id": 101,
  "alias": "Roman",
  "apellidos": "FERRER GASSET",
  "nombre": "ERIC",
  "direccion": "VERGE DE FÀTIMA , 2, 3R., 1A.",
  "poblacion": "Valencia",
  "telefono": "938745211",
  "email": "roman@wandoo.es",
  "sexo": "Hombre",
  "fechanacimiento": new Date("1960-4-15T00:00:00.00Z"),
  "estadocivil": "Otros",
  "hijos": 0,
  "desempleado": false,
  "profesion": "Recepcionista",
  "nivelacademico": "EGB",
  "lengua": "castellano",
  "ingresos": 1400,
  "peso": 62,
  "altura": 1.6800000000000002,
  "cabello": "Castaño",
  "ojos": "Negros",
  "fumador": true,
  "salud": "Buena",
  "aficion": ["Deporte", "Caminar"],
  "caracteristica": ["Alegría", "Sinceridad"],
  "valora": ["Alegría", "Sinceridad"],
  "Sexualidad": "Homosexual",
  "Disponible": true
 },
 {
  "_id": 102,
  "alias": "Romario",
  "apellidos": "AMIGO MODREGO",
  "nombre": "LLUÍS",
  "direccion": "JAUME I , 10",
  "poblacion": "Zaragoza",
  "telefono": "938300065",
  "movil": "654401401",
  "sexo": "Hombre",
  "fechanacimiento": new Date("1965-11-18T00:00:00.00Z"),
  "estadocivil": "Divorciado-a",
  "hijos": 1,
  "desempleado": false,
  "profesion": "Comercial",
  "nivelacademico": "EGB",
  "lengua": "gallego",
  "ingresos": 700,
  "peso": 98,
  "altura": 1.75,
  "cabello": "Rubio",
  "ojos": "Azules",
  "fumador": false,
  "salud": "Buena",
  "aficion": ["TV", "Cine"],
  "caracteristica": ["Sencillez", "Fortaleza"],
  "valora": ["Sinceridad", "Alegría"],
  "Sexualidad": "Homosexual",
  "Disponible": false
 },
 {
  "_id": 103,
  "alias": "Romeo",
  "apellidos": "ABDIN TATJÈ",
  "nombre": "CRISTIAN",
  "direccion": "SANT JOAN , 0, C, 1R., B",
  "poblacion": "Girona",
  "telefono": "938208674",
  "email": "romeo@intercom.es",
  "sexo": "Hombre",
  "fechanacimiento": new Date("1959-12-8T00:00:00.00Z"),
  "estadocivil": "Casado-a",
  "hijos": 0,
  "desempleado": false,
  "profesion": "Asesor-a fiscal",
  "nivelacademico": "Elementales",
  "lengua": "catalán",
  "ingresos": 1100,
  "peso": 76,
  "altura": 1.63,
  "cabello": "Calvo",
  "ojos": "Marrones",
  "fumador": true,
  "salud": "Excelente",
  "aficion": ["Lectura", "TV"],
  "caracteristica": ["Realismo", "Fortaleza"],
  "valora": ["Alegría", "Romanticismo"],
  "Fobias": "Las mujeres",
  "Sexualidad": "Heterosexual",
  "Disponible": true
 },
 {
  "_id": 104,
  "alias": "Romesco",
  "apellidos": "CANELLAS GOMEZ",
  "nombre": "GUILLEM",
  "direccion": "JACINT VERDAGUER , 13",
  "poblacion": "Zaragoza",
  "telefono": "930214054",
  "sexo": "Hombre",
  "fechanacimiento": new Date("1967-3-30T00:00:00.00Z"),
  "estadocivil": "Separado-a",
  "hijos": 0,
  "desempleado": false,
  "profesion": "Administrativo-a",
  "nivelacademico": "Elementales",
  "lengua": "catalán",
  "ingresos": 400,
  "peso": 68,
  "altura": 1.87,
  "cabello": "Calvo",
  "ojos": "Verdes",
  "fumador": false,
  "salud": "Regular",
  "aficion": ["Música", "TV"],
  "caracteristica": ["Inteligencia", "Buen Humor"],
  "valora": ["Serenidad", "Realismo"],
  "Sexualidad": "Heterosexual",
  "Disponible": true
 },
 {
  "_id": 105,
  "alias": "RONC",
  "apellidos": "HIDALGO ALTIMIRAS",
  "nombre": "DIMAS",
  "direccion": "SANT BENET , 28, 2N., 2A.",
  "poblacion": "Barcelona",
  "telefono": "936521404",
  "movil": "602120214",
  "email": "ronc@cataloniamail.com",
  "sexo": "Hombre",
  "fechanacimiento": new Date("1964-7-14T00:00:00.00Z"),
  "estadocivil": "Otros",
  "hijos": 0,
  "desempleado": true,
  "nivelacademico": "Bachillerato",
  "lengua": "catalán",
  "ingresos": 1400,
  "ahorros": 66800,
  "peso": 89,
  "altura": 1.61,
  "cabello": "Rubio",
  "ojos": "Marrones",
  "fumador": false,
  "salud": "Buena",
  "aficion": ["Deporte", "Música"],
  "caracteristica": ["Ternura", "Buen Humor"],
  "valora": ["Alegría", "Inteligencia"],
  "Sexualidad": "Heterosexual",
  "Disponible": true
 },
 {
  "_id": 106,
  "alias": "Sabrosa",
  "apellidos": "BASTARDAS FRANCH",
  "nombre": "ANA INÉS",
  "direccion": "FONERIA , 12",
  "poblacion": "Zaragoza",
  "telefono": "938350593",
  "email": "sabrosa@hotmail.com",
  "sexo": "Mujer",
  "fechanacimiento": new Date("1962-1-3T00:00:00.00Z"),
  "estadocivil": "Casado-a",
  "desempleado": false,
  "profesion": "Abogado-a",
  "nivelacademico": "FP",
  "lengua": "catalán",
  "ingresos": 1400,
  "peso": 96,
  "altura": 1.82,
  "cabello": "Negro",
  "ojos": "Marrones",
  "fumador": false,
  "salud": "Regular",
  "aficion": ["TV", "Música"],
  "caracteristica": ["Alegría", "Inteligencia"],
  "valora": ["Alegría", "Sencillez"],
  "Fobias": "Viajar en avión",
  "Sexualidad": "Heterosexual",
  "Disponible": true
 },
 {
  "_id": 107,
  "alias": "Salsa",
  "apellidos": "ABADIAS MASANA",
  "nombre": "IVET",
  "direccion": "ALFONS XII , 9, 4T 1A",
  "poblacion": "Zaragoza",
  "telefono": "939962045",
  "movil": "622101451",
  "email": "salsa@cataloniamail.com",
  "sexo": "Mujer",
  "fechanacimiento": new Date("1959-5-22T00:00:00.00Z"),
  "estadocivil": "Casado-a",  
  "desempleado": false,
  "profesion": "Camarero-a",
  "nivelacademico": "EGB",
  "lengua": "catalán",
  "ingresos": 1100,
  "peso": 105,
  "altura": 1.55,
  "cabello": "Castaño",
  "ojos": "Azules",
  "fumador": false,
  "salud": "Buena",
  "aficion": ["Lectura"],
  "caracteristica": ["Serenidad", "Inteligencia"],
  "valora": ["Sinceridad", "Sinceridad"],
  "Fobias": "Viajar en avión",
  "Sexualidad": "Heterosexual",
  "Disponible": true
 },
 {
  "_id": 108,
  "alias": "sandra",
  "apellidos": "AREVALO SANCHEZ",
  "nombre": "JÚLIA",
  "direccion": "JAUME I , 10",
  "poblacion": "Valencia",
  "telefono": "938755603",
  "movil": "654874412",
  "sexo": "Mujer",
  "fechanacimiento": new Date("1968-9-17T00:00:00.00Z"),
  "estadocivil": "Casado-a",
  "hijos": 0,
  "desempleado": false,
  "profesion": "Recepcionista",
  "nivelacademico": "FP",
  "lengua": "catalán",
  "ingresos": 1300,
  "peso": 99,
  "altura": 1.59,
  "cabello": "Castaño",
  "ojos": "Marrones",
  "fumador": true,
  "salud": "Regular",
  "aficion": ["Lectura", "Deporte"],
  "caracteristica": ["Serenidad", "Buen Humor"],
  "valora": ["Sinceridad"],
  "Sexualidad": "No declarada",
  "Disponible": false
 },
 {
  "_id": 109,
  "alias": "Sha",
  "apellidos": "ALINS MULET",
  "nombre": "DANIEL",
  "direccion": "DE LA PESCA , 1, 1R., 2A.",
  "poblacion": "Barcelona",
  "telefono": "938305524",
  "movil": "610025001",
  "observaciones": "Mucha discreción",
  "sexo": "Hombre",
  "fechanacimiento": new Date("1958-3-2T00:00:00.00Z"),
  "estadocivil": "Casado-a",
  "hijos": 2,
  "desempleado": false,
  "profesion": "Conductor-a",
  "nivelacademico": "Elementales",
  "lengua": "castellano",
  "ingresos": 700,
  "peso": 86,
  "altura": 1.6,
  "cabello": "Rubio",
  "ojos": "Verdes",
  "fumador": false,
  "salud": "Regular",
  "aficion": ["Deporte", "Caminar"],
  "caracteristica": ["Ternura", "Sinceridad"],
  "valora": ["Inteligencia", "Romanticismo"],
  "Sexualidad": "Heterosexual",
  "Disponible": true
 },
 {
  "_id": 110,
  "alias": "Sincer",
  "apellidos": "GARCIA GONZÁLEZ",
  "nombre": "ABEL",
  "direccion": "PIRINEUS , 22",
  "poblacion": "Valencia",
  "telefono": "936571974",
  "email": "sincer@altecom.es",
  "sexo": "Hombre",
  "fechanacimiento": new Date("1967-7-30",
  "estadocivil": "Soltero-a",
  "hijos": 0,
  "desempleado": true,
  "profesion": "Camarero-a",
  "nivelacademico": "Licenciado-aT00:00:00.00Z"),
  "lengua": "catalán",
  "ingresos": 1600,
  "ahorros": 8500,
  "peso": 83,
  "altura": 1.89,
  "cabello": "Pelirrojo",
  "ojos": "Azules",
  "fumador": true,
  "salud": "Regular",
  "aficion": ["Cine", "Deporte"],
  "caracteristica": ["Fortaleza", "Ternura"],
  "valora": ["Serenidad", "Romanticismo"],
  "Sexualidad": "Homosexual",
  "Disponible": true
 },
 {
    "_id": 111,
  "alias": "Sincera",
  "apellidos": "ALVAREZ PARCERISA",
  "nombre": "IRENE",
  "direccion": "PROL. JACINT VERDAGUER , 1, 3R., 2A.",
  "poblacion": "Girona",
  "telefono": "938300036",
  "email": "sincera@hotmail.com",
  "sexo": "Mujer",
  "fechanacimiento": new Date("1965-7-20T00:00:00.00Z"),
  "estadocivil": "Divorciado-a",
  "hijos": 1,
  "desempleado": true,
  "nivelacademico": "EGB",
  "lengua": "castellano",
  "ingresos": 300,
  "ahorros": 68000,
  "peso": 98,
  "altura": 1.66,
  "cabello": "Otros",
  "ojos": "Azules",
  "fumador": false,
  "salud": "Regular",
  "aficion": ["Caminar", "Lectura"],
  "caracteristica": ["Inteligencia", "Sencillez"],
  "valora": ["Sinceridad", "Alegría"],
  "Fobias": "Los entierros",
  "Sexualidad": "Bisexual",
  "Disponible": false
 },
 {
  "_id": 112,
  "alias": "suau",
  "apellidos": "CASAS ANDRÉS",
  "nombre": "ADRIÀ",
  "direccion": "JAUME GALOBART , 14",
  "poblacion": "Madrid",
  "telefono": "936505455",
  "email": "suau@hotmail.com",
  "sexo": "Hombre",
  "fechanacimiento": new Date("1959-9-1T00:00:00.00Z"),
  "estadocivil": "Separado-a",
  "hijos": 1,
  "desempleado": false,
  "nivelacademico": "Elementales",
  "lengua": "inglés",
  "ingresos": 1300,
  "peso": 100,
  "altura": 1.84,
  "cabello": "Castaño",
  "ojos": "Negros",
  "fumador": true,
  "salud": "Regular",
  "aficion": ["TV", "Lectura"],
  "caracteristica": ["Ternura", "Sencillez"],
  "valora": ["Serenidad", "Alegría"],
  "Sexualidad": "Homosexual",
  "Disponible": true
 },
 {
    "_id": 113,
  "alias": "Superman",
  "apellidos": "MORALES GESE",
  "nombre": "JAIRO",
  "direccion": "SANT JOAN, EDIFICI D , 3R A",
  "poblacion": "Barcelona",
  "telefono": "936587454",
  "movil": "600541125",
  "email": "superman@altecom.es",
  "sexo": "Hombre",
  "fechanacimiento": new Date("1963-5-15T00:00:00.00Z"),
  "estadocivil": "Separado-a",
  "hijos": 0,
  "desempleado": false,
  "profesion": "Funcionario-a",
  "nivelacademico": "Bachillerato",
  "lengua": "catalán",
  "ingresos": 1300,
  "peso": 85,
  "altura": 1.78,
  "cabello": "Pelirrojo",
  "ojos": "Negros",
  "fumador": false,
  "salud": "Fatal",
  "aficion": ["TV"],
  "caracteristica": ["Ternura", "Romanticismo"],
  "valora": ["Inteligencia"],
  "Sexualidad": "No declarada",
  "Disponible": true
 },
 {
  "_id": 114,
  "alias": "Superwoman",
  "apellidos": "BARALDÉS MARTORELL",
  "nombre": "CRISTINA",
  "direccion": "VIC , 119, 3R., 2A.",
  "poblacion": "Valencia",
  "telefono": "938725845",
  "email": "superwoman@wandoo.es",
  "sexo": "Mujer",
  "fechanacimiento": new Date("1963-10-30T00:00:00.00Z"),
  "estadocivil": "Soltero-a",
  "hijos": 0,
  "desempleado": false,
  "profesion": "Conductor-a",
  "nivelacademico": "Diplomado-a",
  "lengua": "catalán",
  "ingresos": 1500,
  "peso": 101,
  "altura": 1.86,
  "cabello": "Calvo",
  "ojos": "Azules",
  "fumador": false,
  "salud": "Excelente",
  "aficion": ["TV", "Cine"],
  "caracteristica": ["Alegría", "Buen Humor"],
  "valora": ["Buen Humor", "Realismo"],
  "Sexualidad": "Homosexual",
  "Disponible": true
 },
 {
  "_id": 115,
  "alias": "Tablon",
  "apellidos": "AROCA GÓMEZ",
  "nombre": "DAVID",
  "direccion": "CARLES BUÏGAS , 10, 1R., 1A.",
  "poblacion": "Barcelona",
  "telefono": "938205730",
  "email": "tablon@hotmail.com",
  "observaciones": "Mucha discreción",
  "sexo": "Hombre",
  "fechanacimiento": new Date("1957-10-23T00:00:00.00Z"),
  "estadocivil": "Casado-a",
  "desempleado": false,
  "profesion": "Recepcionista",
  "nivelacademico": "EGB",
  "lengua": "gallego",
  "ingresos": 900,
  "peso": 58,
  "altura": 1.83,
  "cabello": "Otros",
  "ojos": "Negros",
  "fumador": false,
  "salud": "Buena",
  "aficion": ["Música", "Caminar"],
  "caracteristica": ["Alegría", "Buen Humor"],
  "valora": ["Realismo", "Serenidad"],
  "Sexualidad": "Homosexual",
  "Disponible": true
 },
 {
  "_id": 116,
  "alias": "tendre",
  "apellidos": "RUEDA ALVAREZ",
  "nombre": "ADRIÀ",
  "direccion": "JAUME BALMES , 67, 2N.",
  "poblacion": "Madrid",
  "telefono": "936828258",
  "email": "tendre@terra.es",
  "sexo": "Hombre",
  "fechanacimiento": new Date("1961-12-25T00:00:00.00Z"),
  "estadocivil": "Otros",
  "hijos": 1,
  "desempleado": false,
  "profesion": "null",
  "nivelacademico": "Elementales",
  "lengua": "catalán",
  "ingresos": 1500,
  "peso": 76,
  "altura": 1.71,
  "cabello": "Pelirrojo",
  "ojos": "Verdes",
  "fumador": false,
  "salud": "Buena",
  "aficion": ["Cine", "Lectura"],
  "caracteristica": ["Sinceridad", "Romanticismo"],
  "valora": ["Inteligencia", "Serenidad"],
  "Sexualidad": "Homosexual",
  "Disponible": true
 },
 {
  "_id": 117,
  "alias": "Teta",
  "apellidos": "ALVAREZ DOMENECH",
  "nombre": "LUCIA",
  "direccion": "PROL. PADRÓ , 1, 3R., 2A.",
  "poblacion": "Valencia",
  "telefono": "938300045",
  "email": "teta@intercom.es",
  "sexo": "Mujer",
  "fechanacimiento": new Date("1968-11-13T00:00:00.00Z"),
  "estadocivil": "Casado-a",
  "hijos": 0,
  "desempleado": false,
  "profesion": "Administrativo-a",
  "nivelacademico": "Elementales",
  "lengua": "catalán",
  "ingresos": 400,
  "peso": 62,
  "altura": 1.58,
  "cabello": "Otros",
  "ojos": "Otro",
  "fumador": true,
  "salud": "Regular",
  "aficion": ["Deporte", "Cine"],
  "caracteristica": ["Romanticismo", "Buen Humor"],
  "valora": ["Fortaleza", "Sinceridad"],
  "Sexualidad": "Homosexual",
  "Disponible": true
 },
 {
  "_id": 118,
  "alias": "Tomasa",
  "apellidos": "BOIX GONZÁLEZ",
  "nombre": "CARLA",
  "direccion": "DE LA CAÇA , 12, 2N., C",
  "poblacion": "Tarragona",
  "telefono": "936521452",
  "movil": "624487554",
  "email": "tomasa@hotmail.com",
  "sexo": "Mujer",
  "fechanacimiento": new Date("1963-5-29T00:00:00.00Z"),
  "estadocivil": "Casado-a",
  "hijos": 0,
  "desempleado": false,
  "nivelacademico": "Licenciado-a",
  "lengua": "castellano",
  "ingresos": 700,
  "peso": 49,
  "altura": 1.55,
  "cabello": "Castaño",
  "ojos": "Marrones",
  "fumador": false,
  "salud": "Buena",
  "aficion": ["TV", "Música"],
  "caracteristica": ["Sinceridad", "Alegría"],
  "valora": ["Romanticismo", "Sencillez"],
  "Fobias": "Los hospitales",
  "Sexualidad": "No declarada",
  "Disponible": true
 },
 {
  "_id": 119,
  "alias": "Tranquil",
  "apellidos": "BARALDÉS MONRÓS",
  "nombre": "ADRIÀ",
  "direccion": "VIC , 119, 2N., 1A.",
  "poblacion": "Valencia",
  "telefono": "938725885",
  "sexo": "Hombre",
  "fechanacimiento": new Date("1968-1-12T00:00:00.00Z"),
  "estadocivil": "Divorciado-a",
  "hijos": 0,
  "desempleado": true,
  "profesion": "Funcionario-a",
  "nivelacademico": "FP",
  "lengua": "catalán",
  "ingresos": 1100,
  "ahorros": 90800,
  "peso": 62,
  "altura": 1.58,
  "cabello": "Calvo",
  "ojos": "Marrones",
  "fumador": true,
  "salud": "Regular",
  "aficion": ["Caminar", "TV"],
  "caracteristica": ["Alegría", "Buen Humor"],
  "valora": ["Inteligencia, Alegría"],
  "Fobias": "Los hospitales",
  "Sexualidad": "Bisexual",
  "Disponible": true
 },
 {
  "_id": 120,
  "alias": "Tremenda",
  "apellidos": "AGUILERA MERINO",
  "nombre": "MARTA",
  "direccion": "MORAGUES , 1",
  "poblacion": "Valencia",
  "telefono": "938208303",
  "movil": "621145584",
  "email": "tremenda@altecom.es",
  "sexo": "Mujer",
  "fechanacimiento": new Date("1964-9-27T00:00:00.00Z"),
  "estadocivil": "Separado-a",
  "hijos": 1,
  "desempleado": false,
  "profesion": "Comercial",
  "nivelacademico": "Bachillerato",
  "lengua": "catalán",
  "ingresos": 0,
  "peso": 75,
  "altura": 1.77,
  "cabello": "Pelirrojo",
  "ojos": "Otro",
  "fumador": false,
  "salud": "Regular",
  "aficion": ["TV", "Música"],
  "caracteristica": ["Serenidad", "Alegría"],
  "valora": ["Sinceridad", "Sencillez"],
  "Sexualidad": "Heterosexual",
  "Disponible": true
 },
 {
  "_id": 121,
  "alias": "Tripa",
  "apellidos": "BAREA D'HAENE",
  "nombre": "MARC",
  "direccion": "TRABUCAIRES , 12",
  "poblacion": "Valencia",
  "telefono": "938360213",
  "email": "tripa@intercom.es",
  "sexo": "Hombre",
  "fechanacimiento": new Date("1958-5-7T00:00:00.00Z"),
  "estadocivil": "Casado-a",
  "desempleado": false,
  "profesion": "Administrativo-a",
  "nivelacademico": "EGB",
  "lengua": "castellano",
  "ingresos": 1600,
  "peso": 74,
  "altura": 1.58,
  "cabello": "Pelirrojo",
  "ojos": "Marrones",
  "fumador": false,
  "salud": "Fatal",
  "aficion": ["Caminar", "Cine"],
  "caracteristica": ["Sinceridad", "Serenidad"],
  "valora": ["Sencillez", "Buen Humor"],
  "Sexualidad": "Homosexual",
  "Disponible": true
 },
 {
  "_id": 122,
  "alias": "Verruga",
  "apellidos": "BARROSO D'HAENE",
  "nombre": "ALEX",
  "direccion": "FONERIA , 12",
  "poblacion": "Valencia",
  "telefono": "938320537",
  "email": "verruga@hotmail.com",
  "sexo": "Hombre",
  "fechanacimiento": new Date("1961-9-13T00:00:00.00Z"),
  "estadocivil": "Divorciado-a",
  "desempleado": false,
  "profesion": "Administrativo-a",
  "nivelacademico": "Elementales",
  "lengua": "catalán",
  "ingresos": 700,
  "peso": 76,
  "altura": 1.65,
  "cabello": "Calvo",
  "ojos": "Verdes",
  "fumador": false,
  "salud": "Buena",
  "aficion": ["TV", "Lectura"],
  "caracteristica": ["Alegría", "Romanticismo"],
  "valora": ["Sinceridad", "Ternura"],
  "Sexualidad": "Heterosexual",
  "Disponible": true
 }
]